driver_info,laps,time,gap,int.,kph,best,lap,race_id,season,session_type,lap_set_on,status,car_number,driver_name,driver_code,team_name,time_s,best_lap_s,gap_s
127J. DaruvalaDARPrema Racing,22,40:29.021,-,-,151.592,1:34.711,7,1002,2019,ROUND1Summary,,,127,J  Daruvala,DAR,Prema Racing,2429.021,94.711,
221J. VipsVIPHitech Grand Prix,22,40:31.142,2.121,2.121,151.460,1:34.801,21,1002,2019,ROUND1Summary,,,221,J  Vips,VIP,Hitech Grand Prix,2431.142,94.801,2.121
319N. KariKARTrident,22,40:32.763,3.742,1.621,151.359,1:35.342,12,1002,2019,ROUND1Summary,,,319,N  Kari,KAR,Trident,2432.763,95.342,3.742
428R. ShwartzmanSHWPrema Racing,22,40:33.287,4.266,0.524,151.327,1:34.739,21,1002,2019,ROUND1Summary,,,428,R  Shwartzman,SHW,Prema Racing,2433.287,94.739,4.266
526M. ArmstrongARMPrema Racing,22,40:34.278,5.257,0.991,151.265,1:35.319,14,1002,2019,ROUND1Summary,,,526,M  Armstrong,ARM,Prema Racing,2434.278,95.319,5.257
63C. LundgaardLUNART Grand Prix,22,40:34.742,5.721,0.464,151.236,1:35.164,17,1002,2019,ROUND1Summary,,,63,C  Lundgaard,LUN,ART Grand Prix,2434.742,95.164,5.721
71D. BeckmannBECART Grand Prix,22,40:38.474,9.453,3.732,151.005,1:35.275,22,1002,2019,ROUND1Summary,,,71,D  Beckmann,BEC,ART Grand Prix,2438.474,95.275,9.453
82M. FewtrellFEWART Grand Prix,22,40:42.935,13.914,4.461,150.729,1:35.566,14,1002,2019,ROUND1Summary,,,82,M  Fewtrell,FEW,ART Grand Prix,2442.935,95.566,13.914
914Y. TsunodaTSUJenzer Motorsport,22,40:44.918,15.897,1.983,150.607,1:36.339,14,1002,2019,ROUND1Summary,,,914,Y  Tsunoda,TSU,Jenzer Motorsport,2444.918,96.339,15.897
1030F. DrugovichDRUCarlin Buzz Racing,22,40:45.612,16.591,0.694,150.564,1:36.207,17,1002,2019,ROUND1Summary,,,1030,F  Drugovich,DRU,Carlin Buzz Racing,2445.612,96.207,16.591
117L. ZendeliZENSauber Junior Team by Charouz,22,40:46.156,17.135,0.544,150.531,1:36.320,18,1002,2019,ROUND1Summary,,,117,L  Zendeli,ZEN,Sauber Junior Team by Charouz,2446.156,96.32,17.135
1225S. FernándezFERCampos Racing,22,40:46.761,17.740,0.605,150.493,1:36.224,18,1002,2019,ROUND1Summary,,,1225,S  Fernández,FER,Campos Racing,2446.761,96.224,17.74
1310B. ViscaalVISHWA RACELAB,22,40:47.176,18.155,0.415,150.468,1:36.308,18,1002,2019,ROUND1Summary,,,1310,B  Viscaal,VIS,HWA RACELAB,2447.176,96.308,18.155
1431L. SargeantSARCarlin Buzz Racing,22,40:47.974,18.953,0.798,150.419,1:36.063,12,1002,2019,ROUND1Summary,,,1431,L  Sargeant,SAR,Carlin Buzz Racing,2447.974,96.063,18.953
1529T. NatoriNATCarlin Buzz Racing,22,40:49.622,20.601,1.648,150.318,1:36.321,14,1002,2019,ROUND1Summary,,,1529,T  Natori,NAT,Carlin Buzz Racing,2449.622,96.321,20.601
1618P. PiquetPIQTrident,22,40:50.218,21.197,0.596,150.281,1:36.184,7,1002,2019,ROUND1Summary,,,1618,P  Piquet,PIQ,Trident,2450.218,96.184,21.197
174L. LawsonLAWMP Motorsport,22,40:51.591,22.570,1.373,150.197,1:35.889,20,1002,2019,ROUND1Summary,,,174,L  Lawson,LAW,MP Motorsport,2451.591,95.889,22.57
1812K. AndresANDHWA RACELAB,22,40:53.477,24.456,1.886,150.081,1:36.061,20,1002,2019,ROUND1Summary,,,1812,K  Andres,AND,HWA RACELAB,2453.477,96.061,24.456
196R. VerschoorVERMP Motorsport,22,40:53.853,24.832,0.376,150.058,1:36.162,12,1002,2019,ROUND1Summary,,,196,R  Verschoor,VER,MP Motorsport,2453.853,96.162,24.832
2017D. DeFrancescoDEFTrident,22,40:54.389,25.368,0.536,150.026,1:36.086,14,1002,2019,ROUND1Summary,,,2017,D  DeFrancesco,DEF,Trident,2454.389,96.086,25.368
2120L. PulciniPULHitech Grand Prix,22,41:00.473,31.452,6.084,149.655,1:35.467,14,1002,2019,ROUND1Summary,,,2120,L  Pulcini,PUL,Hitech Grand Prix,2460.473,95.467,31.452
2216A. EstnerESTJenzer Motorsport,22,41:02.881,33.860,2.408,149.508,1:36.548,7,1002,2019,ROUND1Summary,,,2216,A  Estner,EST,Jenzer Motorsport,2462.881,96.548,33.86
2324A. DeleddaDELCampos Racing,22,41:07.723,38.702,4.842,149.215,1:36.323,7,1002,2019,ROUND1Summary,,,2324,A  Deledda,DEL,Campos Racing,2467.723,96.323,38.702
2423A. PeroniPERCampos Racing,22,41:16.561,47.540,8.838,148.682,1:35.149,16,1002,2019,ROUND1Summary,,,2423,A  Peroni,PER,Campos Racing,2476.561,95.149,47.54
DNF5S. LaaksonenLAAMP Motorsport,8,16:29.115,DNF,-,135.080,1:36.443,7,1002,2019,ROUND1Summary,,DNF,5,S  Laaksonen,LAA,MP Motorsport,989.115,96.443,
DNF8F. SchererSCHSauber Junior Team by Charouz,8,16:36.235,DNF,-,134.115,1:36.562,7,1002,2019,ROUND1Summary,,DNF,8,F  Scherer,SCH,Sauber Junior Team by Charouz,996.235,96.562,
DNF22Y. YifeiYIFHitech Grand Prix,-,-,DNF,-,-,-,-,1002,2019,ROUND1Summary,,DNF,22,Y  Yifei,YIF,Hitech Grand Prix,,,
DNF9R. HymanHYMSauber Junior Team by Charouz,-,-,DNF,-,-,-,-,1002,2019,ROUND1Summary,,DNF,9,R  Hyman,HYM,Sauber Junior Team by Charouz,,,
DNF11J. HughesHUGHWA RACELAB,-,-,DNF,-,-,-,-,1002,2019,ROUND1Summary,,DNF,11,J  Hughes,HUG,HWA RACELAB,,,
DNF15A. PetrovPETJenzer Motorsport,-,-,DNF,-,-,-,-,1002,2019,ROUND1Summary,,DNF,15,A  Petrov,PET,Jenzer Motorsport,,,
128R. ShwartzmanSHWPrema Racing,20,38:04.147,-,-,184.25,1:52.391,15,1003,2019,ROUND2Summary,,,128,R  Shwartzman,SHW,Prema Racing,2284.147,112.391,
218P. PiquetPIQTrident,20,38:05.626,1.479,1.479,184.13,1:52.759,18,1003,2019,ROUND2Summary,,,218,P  Piquet,PIQ,Trident,2285.626,112.759,1.479
327J. DaruvalaDARPrema Racing,20,38:06.996,2.849,1.370,184.02,1:52.559,14,1003,2019,ROUND2Summary,,,327,J  Daruvala,DAR,Prema Racing,2286.996,112.559,2.849
46R. VerschoorVERMP Motorsport,20,38:12.447,8.300,5.451,183.583,1:52.180,19,1003,2019,ROUND2Summary,,,46,R  Verschoor,VER,MP Motorsport,2292.447,112.18,8.3
54L. LawsonLAWMP Motorsport,20,38:20.380,16.233,1.092,182.949,1:52.766,19,1003,2019,ROUND2Summary,,,54,L  Lawson,LAW,MP Motorsport,2300.38,112.766,16.233
626M. ArmstrongARMPrema Racing,20,38:19.288,15.141,6.841,183.036,1:52.171,18,1003,2019,ROUND2Summary,,,626,M  Armstrong,ARM,Prema Racing,2299.288,112.171,15.141
711J. HughesHUGHWA RACELAB,20,38:25.511,21.364,5.131,182.542,1:53.565,13,1003,2019,ROUND2Summary,,,711,J  Hughes,HUG,HWA RACELAB,2305.511,113.565,21.364
831L. SargeantSARCarlin Buzz Racing,20,38:26.060,21.913,0.549,182.499,1:53.733,4,1003,2019,ROUND2Summary,,,831,L  Sargeant,SAR,Carlin Buzz Racing,2306.06,113.733,21.913
914Y. TsunodaTSUJenzer Motorsport,20,38:27.053,22.906,0.993,182.42,1:53.509,3,1003,2019,ROUND2Summary,,,914,Y  Tsunoda,TSU,Jenzer Motorsport,2307.053,113.509,22.906
1030F. DrugovichDRUCarlin Buzz Racing,20,38:29.760,25.613,2.707,182.206,1:53.624,5,1003,2019,ROUND2Summary,,,1030,F  Drugovich,DRU,Carlin Buzz Racing,2309.76,113.624,25.613
1116A. EstnerESTJenzer Motorsport,20,38:29.822,25.675,0.062,182.202,1:53.629,14,1003,2019,ROUND2Summary,,,1116,A  Estner,EST,Jenzer Motorsport,2309.822,113.629,25.675
1220L. PulciniPULHitech Grand Prix,20,38:30.065,25.918,0.243,182.182,1:53.101,19,1003,2019,ROUND2Summary,,,1220,L  Pulcini,PUL,Hitech Grand Prix,2310.065,113.101,25.918
139R. HymanHYMSauber Junior Team by Charouz,20,38:33.919,29.772,3.854,181.879,1:53.200,18,1003,2019,ROUND2Summary,,,139,R  Hyman,HYM,Sauber Junior Team by Charouz,2313.919,113.2,29.772
1423A. PeroniPERCampos Racing,20,38:34.470,30.323,0.551,181.836,1:53.544,2,1003,2019,ROUND2Summary,,,1423,A  Peroni,PER,Campos Racing,2314.47,113.544,30.323
153C. LundgaardLUNART Grand Prix,20,38:35.588,31.441,1.118,181.748,1:53.801,13,1003,2019,ROUND2Summary,,,153,C  Lundgaard,LUN,ART Grand Prix,2315.588,113.801,31.441
167L. ZendeliZENSauber Junior Team by Charouz,20,38:36.188,32.041,0.600,181.701,1:53.096,18,1003,2019,ROUND2Summary,,,167,L  Zendeli,ZEN,Sauber Junior Team by Charouz,2316.188,113.096,32.041
1721J. VipsVIPHitech Grand Prix,20,38:36.746,32.599,0.558,181.657,1:53.202,14,1003,2019,ROUND2Summary,,,1721,J  Vips,VIP,Hitech Grand Prix,2316.746,113.202,32.599
182M. FewtrellFEWART Grand Prix,20,38:38.105,33.958,1.359,181.551,1:53.707,14,1003,2019,ROUND2Summary,,,182,M  Fewtrell,FEW,ART Grand Prix,2318.105,113.707,33.958
1912K. AndresANDHWA RACELAB,20,38:38.956,34.809,0.851,181.484,1:53.789,19,1003,2019,ROUND2Summary,,,1912,K  Andres,AND,HWA RACELAB,2318.956,113.789,34.809
2010B. ViscaalVISHWA RACELAB,20,38:38.958,34.811,0.002,181.484,1:53.489,3,1003,2019,ROUND2Summary,,,2010,B  Viscaal,VIS,HWA RACELAB,2318.958,113.489,34.811
2117D. DeFrancescoDEFTrident,20,38:41.648,37.501,2.690,181.273,1:53.599,5,1003,2019,ROUND2Summary,,,2117,D  DeFrancesco,DEF,Trident,2321.648,113.599,37.501
2222Y. YifeiYIFHitech Grand Prix,20,39:10.199,66.052,28.551,179.071,1:53.360,16,1003,2019,ROUND2Summary,,,2222,Y  Yifei,YIF,Hitech Grand Prix,2350.199,113.36,66.052
2324A. DeleddaDELCampos Racing,20,39:53.120,108.973,42.921,175.86,1:54.231,18,1003,2019,ROUND2Summary,,,2324,A  Deledda,DEL,Campos Racing,2393.12,114.231,108.973
DNF19N. KariKARTrident,18,34:52.242,DNF,-,181.045,1:53.140,14,1003,2019,ROUND2Summary,,DNF,19,N  Kari,KAR,Trident,2092.242,113.14,
DNF5S. LaaksonenLAAMP Motorsport,16,31:28.584,DNF,-,178.297,1:54.172,13,1003,2019,ROUND2Summary,,DNF,5,S  Laaksonen,LAA,MP Motorsport,1888.584,114.172,
DNF25S. FernándezFERCampos Racing,15,29:10.867,DNF,-,180.309,1:54.029,3,1003,2019,ROUND2Summary,,DNF,25,S  Fernández,FER,Campos Racing,1750.867,114.029,
DNF8F. SchererSCHSauber Junior Team by Charouz,11,21:23.172,DNF,-,180.469,1:53.986,4,1003,2019,ROUND2Summary,,DNF,8,F  Scherer,SCH,Sauber Junior Team by Charouz,1283.172,113.986,
DNF29T. NatoriNATCarlin Buzz Racing,5,9:56.585,DNF,-,176.649,1:53.843,3,1003,2019,ROUND2Summary,,DNF,29,T  Natori,NAT,Carlin Buzz Racing,596.585,113.843,
DNF1D. BeckmannBECART Grand Prix,2,4:00.035,DNF,-,176.194,1:54.814,2,1003,2019,ROUND2Summary,,DNF,1,D  Beckmann,BEC,ART Grand Prix,240.035,114.814,
111J. HughesHUGHWA RACELAB,24,34:47.494,-,-,178.501,1:21.458,10,1004,2019,ROUND3Summary,,,111,J  Hughes,HUG,HWA RACELAB,2087.494,81.458,
227J. DaruvalaDARPrema Racing,24,34:52.221,4.727,4.727,178.098,1:21.654,19,1004,2019,ROUND3Summary,,,227,J  Daruvala,DAR,Prema Racing,2092.221,81.654,4.727
328R. ShwartzmanSHWPrema Racing,24,34:52.344,4.850,0.123,178.088,1:21.547,10,1004,2019,ROUND3Summary,,,328,R  Shwartzman,SHW,Prema Racing,2092.344,81.547,4.85
42M. FewtrellFEWART Grand Prix,24,34:52.572,5.079,0.229,178.068,1:21.834,20,1004,2019,ROUND3Summary,,,42,M  Fewtrell,FEW,ART Grand Prix,2092.572,81.834,5.079
520L. PulciniPULHitech Grand Prix,24,34:53.159,5.666,0.587,178.018,1:21.613,10,1004,2019,ROUND3Summary,,,520,L  Pulcini,PUL,Hitech Grand Prix,2093.159,81.613,5.666
621J. VipsVIPHitech Grand Prix,24,34:53.580,6.086,0.420,177.982,1:21.610,15,1004,2019,ROUND3Summary,,,621,J  Vips,VIP,Hitech Grand Prix,2093.58,81.61,6.086
77L. ZendeliZENSauber Junior Team by Charouz,24,34:54.199,6.705,0.619,177.93,1:21.660,15,1004,2019,ROUND3Summary,,,77,L  Zendeli,ZEN,Sauber Junior Team by Charouz,2094.199,81.66,6.705
819N. KariKARTrident,24,34:55.262,7.768,1.063,177.84,1:21.518,16,1004,2019,ROUND3Summary,,,819,N  Kari,KAR,Trident,2095.262,81.518,7.768
917D. DeFrancescoDEFTrident,24,34:56.407,8.913,1.145,177.742,1:21.710,15,1004,2019,ROUND3Summary,,,917,D  DeFrancesco,DEF,Trident,2096.407,81.71000000000001,8.913
101D. BeckmannBECART Grand Prix,24,34:57.666,10.172,1.259,177.636,1:21.968,16,1004,2019,ROUND3Summary,,,101,D  Beckmann,BEC,ART Grand Prix,2097.666,81.968,10.172
1114Y. TsunodaTSUJenzer Motorsport,24,34:58.210,10.716,0.544,177.59,1:21.636,15,1004,2019,ROUND3Summary,,,1114,Y  Tsunoda,TSU,Jenzer Motorsport,2098.21,81.636,10.716
126R. VerschoorVERMP Motorsport,24,34:59.864,12.370,1.654,177.45,1:21.631,15,1004,2019,ROUND3Summary,,,126,R  Verschoor,VER,MP Motorsport,2099.864,81.631,12.37
1312K. AndresANDHWA RACELAB,24,35:01.809,14.315,1.945,177.286,1:21.644,20,1004,2019,ROUND3Summary,,,1312,K  Andres,AND,HWA RACELAB,2101.809,81.644,14.315
1430F. DrugovichDRUCarlin Buzz Racing,24,35:02.240,14.746,0.431,177.249,1:22.074,9,1004,2019,ROUND3Summary,,,1430,F  Drugovich,DRU,Carlin Buzz Racing,2102.24,82.074,14.746
1518P. PiquetPIQTrident,24,35:02.917,15.423,0.677,177.192,1:21.422,20,1004,2019,ROUND3Summary,,,1518,P  Piquet,PIQ,Trident,2102.917,81.422,15.423
169R. HymanHYMSauber Junior Team by Charouz,24,35:03.197,15.703,0.280,177.169,1:21.736,20,1004,2019,ROUND3Summary,,,169,R  Hyman,HYM,Sauber Junior Team by Charouz,2103.197,81.736,15.703
173C. LundgaardLUNART Grand Prix,24,35:03.466,15.972,0.269,177.146,1:21.234,20,1004,2019,ROUND3Summary,,,173,C  Lundgaard,LUN,ART Grand Prix,2103.466,81.23400000000001,15.972
185S. LaaksonenLAAMP Motorsport,24,35:07.171,19.677,3.705,176.835,1:21.830,17,1004,2019,ROUND3Summary,,,185,S  Laaksonen,LAA,MP Motorsport,2107.171,81.83,19.677
1926M. ArmstrongARMPrema Racing,24,35:07.357,19.863,0.186,176.819,1:21.427,17,1004,2019,ROUND3Summary,,,1926,M  Armstrong,ARM,Prema Racing,2107.357,81.42699999999999,19.863
2016A. EstnerESTJenzer Motorsport,24,35:09.520,22.026,2.163,176.638,1:21.724,18,1004,2019,ROUND3Summary,,,2016,A  Estner,EST,Jenzer Motorsport,2109.52,81.724,22.026
2115G. CarraraCARJenzer Motorsport,24,35:11.361,23.867,1.841,176.484,1:21.930,14,1004,2019,ROUND3Summary,,,2115,G  Carrara,CAR,Jenzer Motorsport,2111.361,81.93,23.867
2229T. NatoriNATCarlin Buzz Racing,24,35:12.154,24.660,0.793,176.417,1:22.097,20,1004,2019,ROUND3Summary,,,2229,T  Natori,NAT,Carlin Buzz Racing,2112.154,82.09700000000001,24.66
238F. SchererSCHSauber Junior Team by Charouz,24,35:12.726,25.232,0.572,176.37,1:22.172,20,1004,2019,ROUND3Summary,,,238,F  Scherer,SCH,Sauber Junior Team by Charouz,2112.726,82.172,25.232
2424A. DeleddaDELCampos Racing,24,35:18.478,30.984,5.752,175.891,1:22.538,14,1004,2019,ROUND3Summary,,,2424,A  Deledda,DEL,Campos Racing,2118.478,82.538,30.984
254L. LawsonLAWMP Motorsport,23,34:49.688,1 LAP,1 LAP,170.875,1:21.895,16,1004,2019,ROUND3Summary,,,254,L  Lawson,LAW,MP Motorsport,2089.688,81.895,
2631L. SargeantSARCarlin Buzz Racing,21,35:45.779,3 LAPS,2 LAPS,151.92,1:21.866,17,1004,2019,ROUND3Summary,,,2631,L  Sargeant,SAR,Carlin Buzz Racing,2145.779,81.866,
DNF25S. FernándezFERCampos Racing,20,28:30.679,DNF,-,181.473,1:21.923,20,1004,2019,ROUND3Summary,,DNF,25,S  Fernández,FER,Campos Racing,1710.679,81.923,
DNF23A. PeroniPERCampos Racing,20,28:31.251,DNF,-,181.412,1:21.570,20,1004,2019,ROUND3Summary,,DNF,23,A  Peroni,PER,Campos Racing,1711.251,81.57,
DNF22Y. YifeiYIFHitech Grand Prix,10,14:01.077,DNF,-,184.28,1:22.377,5,1004,2019,ROUND3Summary,,DNF,22,Y  Yifei,YIF,Hitech Grand Prix,841.077,82.377,
DNF10B. ViscaalVISHWA RACELAB,10,14:00.404,DNF,-,184.428,1:22.220,4,1004,2019,ROUND3Summary,,DNF,10,B  Viscaal,VIS,HWA RACELAB,840.404,82.22,
15L. LawsonLAWHitech Grand Prix,24,37:01.698,-,-,167.719,1:21.900,5,1012,2020,ROUND1Summary,,,15,L  Lawson,LAW,Hitech Grand Prix,2221.698,81.9,
217R. VerschoorVERMP Motorsport,24,37:02.115,0.417,-,167.687,1:21.800,13,1012,2020,ROUND1Summary,,,217,R  Verschoor,VER,MP Motorsport,2222.115,81.8,0.417
326C. NovalakNOVCarlin Buzz Racing,24,37:03.000,1.302,0.885,167.621,1:22.144,6,1012,2020,ROUND1Summary,,,326,C  Novalak,NOV,Carlin Buzz Racing,2223.0,82.144,1.302
411D. BeckmannBECTrident,24,37:03.337,1.639,0.337,167.595,1:22.074,4,1012,2020,ROUND1Summary,,,411,D  Beckmann,BEC,Trident,2223.337,82.074,1.639
510L. ZendeliZENTrident,24,37:03.930,2.232,0.593,167.55,1:21.771,4,1012,2020,ROUND1Summary,,,510,L  Zendeli,ZEN,Trident,2223.93,81.771,2.232
62F. VestiVESPREMA Racing,24,37:04.534,2.836,0.604,167.505,1:21.759,4,1012,2020,ROUND1Summary,,,62,F  Vesti,VES,PREMA Racing,2224.534,81.759,2.836
78A. SmolyarSMOART Grand Prix,24,37:04.788,3.090,0.254,167.486,1:21.866,4,1012,2020,ROUND1Summary,,,78,A  Smolyar,SMO,ART Grand Prix,2224.788,81.866,3.09
81O. PiastriPIAPREMA Racing,24,37:05.149,3.451,0.361,167.459,1:21.513,4,1012,2020,ROUND1Summary,,,81,O  Piastri,PIA,PREMA Racing,2225.149,81.513,3.451
914E. FittipaldiFITHWA RACELAB,24,37:05.796,4.098,0.647,167.41,1:21.530,10,1012,2020,ROUND1Summary,,,914,E  Fittipaldi,FIT,HWA RACELAB,2225.796,81.53,4.098
104M. FewtrellFEWHitech Grand Prix,24,37:06.278,4.580,0.482,167.374,1:21.849,15,1012,2020,ROUND1Summary,,,104,M  Fewtrell,FEW,Hitech Grand Prix,2226.278,81.849,4.58
1118B. ViscaalVISMP Motorsport,24,37:06.673,4.975,0.395,167.344,1:21.730,13,1012,2020,ROUND1Summary,,,1118,B  Viscaal,VIS,MP Motorsport,2226.673,81.73,4.975
1215J. HughesHUGHWA RACELAB,24,37:07.135,5.437,0.462,167.309,1:21.720,10,1012,2020,ROUND1Summary,,,1215,J  Hughes,HUG,HWA RACELAB,2227.135,81.72,5.437
139S. FernándezFERART Grand Prix,24,37:07.904,6.206,0.769,167.252,1:21.860,17,1012,2020,ROUND1Summary,,,139,S  Fernández,FER,ART Grand Prix,2227.904,81.86,6.206
1419L. DunnerDUNMP Motorsport,24,37:08.807,7.109,0.903,167.184,1:22.205,13,1012,2020,ROUND1Summary,,,1419,L  Dunner,DUN,MP Motorsport,2228.807,82.205,7.109
1525D. SchumacherSCHCharouz Racing System,24,37:10.197,8.499,1.390,167.08,1:22.405,14,1012,2020,ROUND1Summary,,,1525,D  Schumacher,SCH,Charouz Racing System,2230.197,82.405,8.499
1631S. FloerschFLOCampos Racing,24,37:10.857,9.159,0.660,167.03,1:22.271,13,1012,2020,ROUND1Summary,,,1631,S  Floersch,FLO,Campos Racing,2230.857,82.271,9.159
1720C. WilliamsWILJenzer Motorsport,24,37:11.189,9.491,0.332,167.005,1:22.186,14,1012,2020,ROUND1Summary,,,1720,C  Williams,WIL,Jenzer Motorsport,2231.189,82.186,9.491
1822M. NanniniNANJenzer Motorsport,24,37:11.562,9.864,0.373,166.977,1:22.299,14,1012,2020,ROUND1Summary,,,1822,M  Nannini,NAN,Jenzer Motorsport,2231.562,82.299,9.864
1912O. CaldwellCALTrident,24,37:12.647,10.949,1.085,166.896,1:21.744,13,1012,2020,ROUND1Summary,,,1912,O  Caldwell,CAL,Trident,2232.647,81.744,10.949
2030A. DeleddaDELCampos Racing,24,37:13.086,11.388,0.439,166.863,1:22.413,13,1012,2020,ROUND1Summary,,,2030,A  Deledda,DEL,Campos Racing,2233.086,82.413,11.388
2121F. MalvestitiMALJenzer Motorsport,24,37:13.748,12.050,0.662,166.814,1:22.267,9,1012,2020,ROUND1Summary,,,2121,F  Malvestiti,MAL,Jenzer Motorsport,2233.748,82.267,12.05
226D. HaugerHAUHitech Grand Prix,24,37:14.143,12.445,0.395,166.785,1:21.997,13,1012,2020,ROUND1Summary,,,226,D  Hauger,HAU,Hitech Grand Prix,2234.143,81.997,12.445
2323R. StanekSTACharouz Racing System,24,37:14.887,13.189,0.744,166.729,1:22.329,13,1012,2020,ROUND1Summary,,,2323,R  Stanek,STA,Charouz Racing System,2234.887,82.32900000000001,13.189
2427E. AhmedAHMCarlin Buzz Racing,24,37:19.835,18.137,4.948,166.361,1:22.520,13,1012,2020,ROUND1Summary,,,2427,E  Ahmed,AHM,Carlin Buzz Racing,2239.835,82.52,18.137
2524I. FragaFRACharouz Racing System,24,37:32.536,30.838,12.701,165.423,1:22.068,13,1012,2020,ROUND1Summary,,,2524,I  Fraga,FRA,Charouz Racing System,2252.536,82.068,30.838
267T. PourchairePOUART Grand Prix,24,37:41.935,40.237,9.399,164.735,1:21.908,4,1012,2020,ROUND1Summary,,,267,T  Pourchaire,POU,ART Grand Prix,2261.935,81.908,40.237
273L. SargeantSARPREMA Racing,23,37:20.159,1 LAP,1 LAP,159.397,1:21.795,14,1012,2020,ROUND1Summary,,,273,L  Sargeant,SAR,PREMA Racing,2240.159,81.795,
2816J. DoohanDOOHWA RACELAB,16,37:28.954,8 LAPS,7 LAPS,110.39,1:22.507,4,1012,2020,ROUND1Summary,,,2816,J  Doohan,DOO,HWA RACELAB,2248.954,82.507,
DNF29A. PeroniPERCampos Racing,10,13:53.161,DNF,-,186.031,1:21.721,4,1012,2020,ROUND1Summary,,DNF,29,A  Peroni,PER,Campos Racing,833.1610000000001,81.721,
DNF28C. DasDASCarlin Buzz Racing,5,7:44.984,DNF,-,166.178,1:23.591,3,1012,2020,ROUND1Summary,,DNF,28,C  Das,DAS,Carlin Buzz Racing,464.984,83.59100000000001,
17T. PourchairePOUART Grand Prix,24,38:25.185,-,-,161.644,1:21.229,9,1019,2020,ROUND2Summary,,,17,T  Pourchaire,POU,ART Grand Prix,2305.185,81.229,
23L. SargeantSARPREMA Racing,24,38:25.649,0.464,0.464,161.612,1:21.277,10,1019,2020,ROUND2Summary,,,23,L  Sargeant,SAR,PREMA Racing,2305.649,81.277,0.464
311D. BeckmannBECTrident,24,38:25.859,0.674,0.210,161.597,1:21.442,19,1019,2020,ROUND2Summary,,,311,D  Beckmann,BEC,Trident,2305.859,81.44200000000001,0.674
417R. VerschoorVERMP Motorsport,24,38:26.287,1.102,0.428,161.567,1:21.312,20,1019,2020,ROUND2Summary,,,417,R  Verschoor,VER,MP Motorsport,2306.287,81.312,1.102
51O. PiastriPIAPREMA Racing,24,38:26.990,1.805,0.703,161.518,1:20.968,20,1019,2020,ROUND2Summary,,,51,O  Piastri,PIA,PREMA Racing,2306.99,80.968,1.805
612O. CaldwellCALTrident,24,38:27.061,1.876,0.071,161.513,1:21.192,20,1019,2020,ROUND2Summary,,,612,O  Caldwell,CAL,Trident,2307.061,81.19200000000001,1.876
74M. FewtrellFEWHitech Grand Prix,24,38:27.382,2.197,0.321,161.491,1:21.083,20,1019,2020,ROUND2Summary,,,74,M  Fewtrell,FEW,Hitech Grand Prix,2307.382,81.083,2.197
82F. VestiVESPREMA Racing,24,38:27.779,2.594,0.397,161.463,1:21.193,20,1019,2020,ROUND2Summary,,,82,F  Vesti,VES,PREMA Racing,2307.779,81.193,2.594
99S. FernándezFERART Grand Prix,24,38:28.202,3.017,0.423,161.433,1:21.691,20,1019,2020,ROUND2Summary,,,99,S  Fernández,FER,ART Grand Prix,2308.202,81.691,3.017
1010L. ZendeliZENTrident,24,38:28.509,3.324,0.307,161.412,1:21.865,5,1019,2020,ROUND2Summary,,,1010,L  Zendeli,ZEN,Trident,2308.509,81.865,3.324
1129A. PeroniPERCampos Racing,24,38:28.847,3.662,0.338,161.388,1:21.539,4,1019,2020,ROUND2Summary,,,1129,A  Peroni,PER,Campos Racing,2308.847,81.539,3.662
126D. HaugerHAUHitech Grand Prix,24,38:29.153,3.968,0.306,161.367,1:21.715,4,1019,2020,ROUND2Summary,,,126,D  Hauger,HAU,Hitech Grand Prix,2309.153,81.715,3.968
1314E. FittipaldiFITHWA RACELAB,24,38:29.448,4.263,0.295,161.346,1:21.635,9,1019,2020,ROUND2Summary,,,1314,E  Fittipaldi,FIT,HWA RACELAB,2309.448,81.635,4.263
1424I. FragaFRACharouz Racing System,24,38:29.725,4.540,0.277,161.327,1:21.872,20,1019,2020,ROUND2Summary,,,1424,I  Fraga,FRA,Charouz Racing System,2309.725,81.872,4.54
1527E. AhmedAHMCarlin Buzz Racing,24,38:30.583,5.398,0.858,161.267,1:21.912,20,1019,2020,ROUND2Summary,,,1527,E  Ahmed,AHM,Carlin Buzz Racing,2310.583,81.912,5.398
1618B. ViscaalVISMP Motorsport,24,38:30.971,5.786,0.388,161.24,1:22.020,6,1019,2020,ROUND2Summary,,,1618,B  Viscaal,VIS,MP Motorsport,2310.971,82.02,5.786
1725D. SchumacherSCHCharouz Racing System,24,38:31.597,6.412,0.626,161.196,1:21.855,10,1019,2020,ROUND2Summary,,,1725,D  Schumacher,SCH,Charouz Racing System,2311.597,81.855,6.412
1819L. DunnerDUNMP Motorsport,24,38:33.564,8.379,1.787,161.059,1:22.141,9,1019,2020,ROUND2Summary,,,1819,L  Dunner,DUN,MP Motorsport,2313.564,82.14099999999999,8.379
1916J. DoohanDOOHWA RACELAB,24,38:33.773,8.588,0.209,161.045,1:22.106,20,1019,2020,ROUND2Summary,,,1916,J  Doohan,DOO,HWA RACELAB,2313.773,82.106,8.588
208A. SmolyarSMOART Grand Prix,24,38:34.109,8.924,0.336,161.021,1:21.956,9,1019,2020,ROUND2Summary,,,208,A  Smolyar,SMO,ART Grand Prix,2314.109,81.956,8.924
2130A. DeleddaDELCampos Racing,24,38:34.921,9.736,0.812,160.965,1:22.292,20,1019,2020,ROUND2Summary,,,2130,A  Deledda,DEL,Campos Racing,2314.921,82.292,9.736
2221F. MalvestitiMALJenzer Motorsport,24,38:35.196,10.011,0.275,160.946,1:22.229,8,1019,2020,ROUND2Summary,,,2221,F  Malvestiti,MAL,Jenzer Motorsport,2315.196,82.229,10.011
2320C. WilliamsWILJenzer Motorsport,24,38:36.527,11.342,1.331,160.853,1:22.159,9,1019,2020,ROUND2Summary,,,2320,C  Williams,WIL,Jenzer Motorsport,2316.527,82.15899999999999,11.342
2423R. StanekSTACharouz Racing System,24,39:01.777,6.592,0.180,161.184,1:22.397,20,1019,2020,ROUND2Summary,,,2423,R  Stanek,STA,Charouz Racing System,2341.777,82.39699999999999,6.592
2526C. NovalakNOVCarlin Buzz Racing,23,38:41.493,1 LAP,1 LAP,153.813,1:22.058,19,1019,2020,ROUND2Summary,,,2526,C  Novalak,NOV,Carlin Buzz Racing,2321.493,82.05799999999999,
DNF5L. LawsonLAWHitech Grand Prix,20,30:49.606,DNF,-,167.842,1:21.255,9,1019,2020,ROUND2Summary,,DNF,5,L  Lawson,LAW,Hitech Grand Prix,1849.606,81.255,
DNF15J. HughesHUGHWA RACELAB,20,30:50.131,DNF,-,167.794,1:21.463,9,1019,2020,ROUND2Summary,,DNF,15,J  Hughes,HUG,HWA RACELAB,1850.131,81.463,
DNF28C. DasDASCarlin Buzz Racing,19,29:40.176,DNF,-,165.656,1:22.407,8,1019,2020,ROUND2Summary,,DNF,28,C  Das,DAS,Carlin Buzz Racing,1780.176,82.407,
DNF31S. FloerschFLOCampos Racing,10,14:01.308,DNF,-,184.23,1:22.014,9,1019,2020,ROUND2Summary,,DNF,31,S  Floersch,FLO,Campos Racing,841.308,82.014,
22M. NanniniNANJenzer Motorsport,7,39:16.143,17 LAPS,3 LAPS,45.99,1:50.656,7,1019,2020,ROUND2Summary,,,22,M  Nannini,NAN,Jenzer Motorsport,2356.143,110.656,
111D. BeckmannBECTrident,22,43:54.224,-,-,131.663,1:51.509,18,1014,2020,ROUND3Summary,,,111,D  Beckmann,BEC,Trident,2634.224,111.509,
21O. PiastriPIAPREMA Racing,22,43:55.250,1.026,1.026,131.612,1:50.721,19,1014,2020,ROUND3Summary,,,21,O  Piastri,PIA,PREMA Racing,2635.25,110.721,1.026
36D. HaugerHAUHitech Grand Prix,22,43:55.746,1.522,0.496,131.587,1:52.544,2,1014,2020,ROUND3Summary,,,36,D  Hauger,HAU,Hitech Grand Prix,2635.746,112.544,1.522
43L. SargeantSARPREMA Racing,22,43:56.199,1.975,0.453,131.564,1:52.523,12,1014,2020,ROUND3Summary,,,43,L  Sargeant,SAR,PREMA Racing,2636.199,112.523,1.975
517R. VerschoorVERMP Motorsport,22,43:56.721,2.497,0.522,131.538,1:52.661,16,1014,2020,ROUND3Summary,,,517,R  Verschoor,VER,MP Motorsport,2636.721,112.661,2.497
67T. PourchairePOUART Grand Prix,22,43:56.948,2.724,0.227,131.527,1:52.399,18,1014,2020,ROUND3Summary,,,67,T  Pourchaire,POU,ART Grand Prix,2636.948,112.399,2.724
78A. SmolyarSMOART Grand Prix,22,43:57.444,3.220,0.496,131.502,1:52.220,19,1014,2020,ROUND3Summary,,,78,A  Smolyar,SMO,ART Grand Prix,2637.444,112.22,3.22
89S. FernándezFERART Grand Prix,22,43:57.818,3.594,0.374,131.484,1:53.080,19,1014,2020,ROUND3Summary,,,89,S  Fernández,FER,ART Grand Prix,2637.818,113.08,3.594
914E. FittipaldiFITHWA RACELAB,22,43:58.163,3.939,0.345,131.466,1:52.686,14,1014,2020,ROUND3Summary,,,914,E  Fittipaldi,FIT,HWA RACELAB,2638.163,112.686,3.939
1029A. PeroniPERCampos Racing,22,43:58.889,4.665,0.726,131.43,1:52.972,19,1014,2020,ROUND3Summary,,,1029,A  Peroni,PER,Campos Racing,2638.889,112.972,4.665
114M. FewtrellFEWHitech Grand Prix,22,43:59.782,5.558,0.893,131.386,1:53.903,4,1014,2020,ROUND3Summary,,,114,M  Fewtrell,FEW,Hitech Grand Prix,2639.782,113.903,5.558
1226C. NovalakNOVCarlin Buzz Racing,22,44:00.135,5.911,0.353,131.368,1:53.253,7,1014,2020,ROUND3Summary,,,1226,C  Novalak,NOV,Carlin Buzz Racing,2640.135,113.253,5.911
1325D. SchumacherSCHCharouz Racing System,22,44:00.575,6.351,0.440,131.346,1:54.290,17,1014,2020,ROUND3Summary,,,1325,D  Schumacher,SCH,Charouz Racing System,2640.575,114.29,6.351
1431S. FloerschFLOCampos Racing,22,44:01.808,7.584,1.233,131.285,1:53.802,15,1014,2020,ROUND3Summary,,,1431,S  Floersch,FLO,Campos Racing,2641.808,113.802,7.584
1520C. WilliamsWILJenzer Motorsport,22,44:02.382,8.158,0.574,131.257,1:52.450,16,1014,2020,ROUND3Summary,,,1520,C  Williams,WIL,Jenzer Motorsport,2642.382,112.45,8.158
1610L. ZendeliZENTrident,22,44:03.477,9.253,1.095,131.202,1:52.876,18,1014,2020,ROUND3Summary,,,1610,L  Zendeli,ZEN,Trident,2643.477,112.876,9.253
1718B. ViscaalVISMP Motorsport,22,44:03.601,9.377,-,131.196,1:51.321,16,1014,2020,ROUND3Summary,,,1718,B  Viscaal,VIS,MP Motorsport,2643.601,111.321,9.377
1812O. CaldwellCALTrident,22,44:04.247,10.023,0.646,131.164,1:53.413,15,1014,2020,ROUND3Summary,,,1812,O  Caldwell,CAL,Trident,2644.247,113.413,10.023
1915J. HughesHUGHWA RACELAB,22,44:05.609,11.385,1.362,131.096,1:51.374,19,1014,2020,ROUND3Summary,,,1915,J  Hughes,HUG,HWA RACELAB,2645.609,111.374,11.385
2023R. StanekSTACharouz Racing System,22,44:06.455,12.231,0.846,131.055,1:54.011,19,1014,2020,ROUND3Summary,,,2023,R  Stanek,STA,Charouz Racing System,2646.455,114.011,12.231
2127E. AhmedAHMCarlin Buzz Racing,22,44:18.878,24.654,12.423,130.442,1:55.282,5,1014,2020,ROUND3Summary,,,2127,E  Ahmed,AHM,Carlin Buzz Racing,2658.878,115.282,24.654
2228C. DasDASCarlin Buzz Racing,22,44:44.194,49.970,25.316,129.212,1:54.156,11,1014,2020,ROUND3Summary,,,2228,C  Das,DAS,Carlin Buzz Racing,2684.194,114.156,49.97
2330A. DeleddaDELCampos Racing,22,44:45.274,51.050,1.080,129.16,1:54.783,17,1014,2020,ROUND3Summary,,,2330,A  Deledda,DEL,Campos Racing,2685.274,114.783,51.05
2422M. NanniniNANJenzer Motorsport,21,44:42.778,1 LAP,1 LAP,123.401,1:52.760,18,1014,2020,ROUND3Summary,,,2422,M  Nannini,NAN,Jenzer Motorsport,2682.778,112.76,
2516J. DoohanDOOHWA RACELAB,22,46:05.976,121.7,60.702,126.305,1:52.631,14,1014,2020,ROUND3Summary,,,2516,J  Doohan,DOO,HWA RACELAB,2765.976,112.631,121.7
DNF21F. MalvestitiMALJenzer Motorsport,19,37:14.682,DNF,-,134.03,1:54.034,16,1014,2020,ROUND3Summary,,DNF,21,F  Malvestiti,MAL,Jenzer Motorsport,2234.682,114.034,
DNF2F. VestiVESPREMA Racing,12,23:56.084,DNF,-,131.688,1:54.408,5,1014,2020,ROUND3Summary,,DNF,2,F  Vesti,VES,PREMA Racing,1436.084,114.408,
DNF5L. LawsonLAWHitech Grand Prix,7,13:32.747,DNF,-,135.659,1:53.068,4,1014,2020,ROUND3Summary,,DNF,5,L  Lawson,LAW,Hitech Grand Prix,812.747,113.068,
DNF24I. FragaFRACharouz Racing System,2,4:41.824,DNF,-,111.414,-,-,1014,2020,ROUND3Summary,,DNF,24,I  Fraga,FRA,Charouz Racing System,281.824,,
DNF19L. DunnerDUNMP Motorsport,1,2:33.110,DNF,-,102.067,-,-,1014,2020,ROUND3Summary,,DNF,19,L  Dunner,DUN,MP Motorsport,153.11,,
11D. HaugerHAUPREMA Racing,22,35:47.216,-,-,172.225,1:36.643,2,1022,2021,ROUND1Summary,,,11,D  Hauger,HAU,PREMA Racing,2147.216,96.643,
24J. DoohanDOOTrident,22,35:50.937,3.721,3.721,171.928,1:36.949,2,1022,2021,ROUND1Summary,,,24,J  Doohan,DOO,Trident,2150.937,96.949,3.721
314M. NanniniNANHWA RACELAB,22,35:53.369,6.153,2.432,171.733,1:36.916,2,1022,2021,ROUND1Summary,,,314,M  Nannini,NAN,HWA RACELAB,2153.369,96.916,6.153
43O. CaldwellCALPREMA Racing,22,35:55.340,8.124,1.971,171.576,1:36.902,5,1022,2021,ROUND1Summary,,,43,O  Caldwell,CAL,PREMA Racing,2155.34,96.902,8.124
517V. MartinsMARMP Motorsport,22,35:58.764,11.548,3.424,171.304,1:36.980,5,1022,2021,ROUND1Summary,,,517,V  Martins,MAR,MP Motorsport,2158.764,96.98,11.548
65C. NovalakNOVTrident,22,35:59.553,12.337,0.789,171.242,1:37.239,5,1022,2021,ROUND1Summary,,,65,C  Novalak,NOV,Trident,2159.553,97.239,12.337
77F. VestiVESART Grand Prix,22,36:00.671,13.455,1.118,171.153,1:37.229,6,1022,2021,ROUND1Summary,,,77,F  Vesti,VES,ART Grand Prix,2160.671,97.229,13.455
818C. ColletCCOMP Motorsport,22,36:01.269,14.053,0.598,171.106,1:37.303,3,1022,2021,ROUND1Summary,,,818,C  Collet,CCO,MP Motorsport,2161.269,97.303,14.053
929L. SargeantSARCharouz Racing System,22,36:02.651,15.435,1.382,170.996,1:37.101,5,1022,2021,ROUND1Summary,,,929,L  Sargeant,SAR,Charouz Racing System,2162.651,97.101,15.435
1012R. StanekSTAHitech Grand Prix,22,36:02.693,15.477,0.042,170.993,1:37.176,4,1022,2021,ROUND1Summary,,,1012,R  Stanek,STA,Hitech Grand Prix,2162.693,97.176,15.477
118A. SmolyarSMOART Grand Prix,22,36:03.278,16.062,0.585,170.947,1:37.065,4,1022,2021,ROUND1Summary,,,118,A  Smolyar,SMO,ART Grand Prix,2163.278,97.065,16.062
126D. SchumacherSCHTrident,22,36:03.904,16.688,0.626,170.897,1:37.176,3,1022,2021,ROUND1Summary,,,126,D  Schumacher,SCH,Trident,2163.904,97.176,16.688
132A. LeclercLECPREMA Racing,22,36:04.454,17.238,0.550,170.854,1:37.226,17,1022,2021,ROUND1Summary,,,132,A  Leclerc,LEC,PREMA Racing,2164.454,97.226,17.238
149J. CorreaJCOART Grand Prix,22,36:08.465,21.249,4.011,170.538,1:37.495,4,1022,2021,ROUND1Summary,,,149,J  Correa,JCO,ART Grand Prix,2168.465,97.495,21.249
1511A. IwasaIWAHitech Grand Prix,22,36:13.359,26.143,4.894,170.154,1:37.594,5,1022,2021,ROUND1Summary,,,1511,A  Iwasa,IWA,Hitech Grand Prix,2173.359,97.594,26.143
1625J. EdgarEDGCarlin Buzz,22,36:18.983,31.767,5.624,169.715,1:37.501,4,1022,2021,ROUND1Summary,,,1625,J  Edgar,EDG,Carlin Buzz,2178.983,97.501,31.767
1715O. RasmussenRASHWA RACELAB,22,36:19.604,32.388,0.621,169.666,1:37.564,4,1022,2021,ROUND1Summary,,,1715,O  Rasmussen,RAS,HWA RACELAB,2179.604,97.564,32.388
1810J. CrawfordCRAHitech Grand Prix,22,36:19.844,32.628,0.240,169.648,1:37.601,12,1022,2021,ROUND1Summary,,,1810,J  Crawford,CRA,Hitech Grand Prix,2179.844,97.601,32.628
1930E. FittipaldiFITCharouz Racing System,22,36:20.490,33.274,0.646,169.597,1:37.640,4,1022,2021,ROUND1Summary,,,1930,E  Fittipaldi,FIT,Charouz Racing System,2180.49,97.64,33.274
2019T. van der HelmVANMP Motorsport,22,36:21.098,33.882,0.608,169.55,1:37.908,4,1022,2021,ROUND1Summary,,,2019,T  van der Helm,VAN,MP Motorsport,2181.098,97.908,33.882
2126C. WilliamsWILJenzer Motorsport,22,36:21.285,34.069,0.187,169.536,1:37.668,5,1022,2021,ROUND1Summary,,,2126,C  Williams,WIL,Jenzer Motorsport,2181.285,97.668,34.069
2223I. CohenCOHCarlin Buzz,22,36:24.426,37.210,3.141,169.292,1:37.788,14,1022,2021,ROUND1Summary,,,2223,I  Cohen,COH,Carlin Buzz,2184.426,97.788,37.21
2331R. de GerusDEGCharouz Racing System,22,36:25.148,37.932,0.722,169.236,1:37.714,5,1022,2021,ROUND1Summary,,,2331,R  de Gerus,DEG,Charouz Racing System,2185.148,97.714,37.932
2427P. ChovetCHOJenzer Motorsport,22,36:25.793,38.577,0.645,169.186,1:37.534,6,1022,2021,ROUND1Summary,,,2427,P  Chovet,CHO,Jenzer Motorsport,2185.793,97.534,38.577
2522A. CordeelACOCampos Racing,22,36:26.438,39.222,0.645,169.136,1:37.554,5,1022,2021,ROUND1Summary,,,2522,A  Cordeel,ACO,Campos Racing,2186.438,97.554,39.222
2620L. TóthTOTCampos Racing,22,36:27.764,40.548,1.326,169.033,1:37.473,5,1022,2021,ROUND1Summary,,,2620,L  Tóth,TOT,Campos Racing,2187.764,97.473,40.548
2728F. UgranUGRJenzer Motorsport,22,36:40.894,53.678,13.130,168.025,1:38.262,3,1022,2021,ROUND1Summary,,,2728,F  Ugran,UGR,Jenzer Motorsport,2200.894,98.262,53.678
2816R. VillagómezVILHWA RACELAB,21,36:12.429,1 LAP,1 LAP,162.48,1:37.535,5,1022,2021,ROUND1Summary,,,2816,R  Villagómez,VIL,HWA RACELAB,2172.429,97.535,
2921L. ColomboLCOCampos Racing,21,36:29.069,1 LAP,16.640,161.244,1:37.229,4,1022,2021,ROUND1Summary,,,2921,L  Colombo,LCO,Campos Racing,2189.069,97.229,
3024K. FrederickFRECarlin Buzz,21,36:34.731,1 LAP,5.662,160.829,1:37.940,4,1022,2021,ROUND1Summary,,,3024,K  Frederick,FRE,Carlin Buzz,2194.731,97.94,
14J. DoohanDOOTrident,20,43:19.510,-,-,161.897,2:06.655,15,1023,2021,ROUND2Summary,,,14,J  Doohan,DOO,Trident,2599.51,126.655,
21D. HaugerHAUPREMA Racing,20,43:21.061,1.551,1.551,161.801,2:06.555,16,1023,2021,ROUND2Summary,,,21,D  Hauger,HAU,PREMA Racing,2601.061,126.555,1.551
318C. ColletCCOMP Motorsport,20,43:24.561,5.051,3.500,161.583,2:06.591,14,1023,2021,ROUND2Summary,,,318,C  Collet,CCO,MP Motorsport,2604.561,126.591,5.051
417V. MartinsMARMP Motorsport,20,43:26.747,7.237,2.186,161.448,2:06.940,14,1023,2021,ROUND2Summary,,,417,V  Martins,MAR,MP Motorsport,2606.747,126.94,7.237
55C. NovalakNOVTrident,20,43:33.755,14.245,7.008,161.015,2:07.052,15,1023,2021,ROUND2Summary,,,55,C  Novalak,NOV,Trident,2613.755,127.052,14.245
67F. VestiVESART Grand Prix,20,43:37.452,17.942,3.697,160.787,2:07.652,16,1023,2021,ROUND2Summary,,,67,F  Vesti,VES,ART Grand Prix,2617.452,127.652,17.942
711A. IwasaIWAHitech Grand Prix,20,43:42.584,23.074,5.132,160.473,2:07.887,15,1023,2021,ROUND2Summary,,,711,A  Iwasa,IWA,Hitech Grand Prix,2622.584,127.887,23.074
88A. SmolyarSMOART Grand Prix,20,43:44.393,24.883,1.809,160.362,2:08.347,15,1023,2021,ROUND2Summary,,,88,A  Smolyar,SMO,ART Grand Prix,2624.393,128.347,24.883
99J. CorreaJCOART Grand Prix,20,43:45.059,25.549,0.666,160.321,2:07.654,14,1023,2021,ROUND2Summary,,,99,J  Correa,JCO,ART Grand Prix,2625.059,127.654,25.549
1010J. CrawfordCRAHitech Grand Prix,20,43:48.130,28.620,3.071,160.134,2:06.860,15,1023,2021,ROUND2Summary,,,1010,J  Crawford,CRA,Hitech Grand Prix,2628.13,126.86,28.62
1130E. FittipaldiFITCharouz Racing System,20,43:53.708,34.198,5.578,159.795,2:07.571,16,1023,2021,ROUND2Summary,,,1130,E  Fittipaldi,FIT,Charouz Racing System,2633.708,127.571,34.198
1226C. WilliamsWILJenzer Motorsport,20,43:55.528,36.018,1.820,159.685,2:07.498,15,1023,2021,ROUND2Summary,,,1226,C  Williams,WIL,Jenzer Motorsport,2635.528,127.498,36.018
132A. LeclercLECPREMA Racing,20,43:58.523,39.013,2.995,159.503,2:08.083,15,1023,2021,ROUND2Summary,,,132,A  Leclerc,LEC,PREMA Racing,2638.523,128.083,39.013
1425J. EdgarEDGCarlin Buzz,20,44:01.336,41.826,2.813,159.333,2:08.291,15,1023,2021,ROUND2Summary,,,1425,J  Edgar,EDG,Carlin Buzz,2641.336,128.291,41.826
1512R. StanekSTAHitech Grand Prix,20,44:01.889,42.379,0.553,159.3,2:08.220,15,1023,2021,ROUND2Summary,,,1512,R  Stanek,STA,Hitech Grand Prix,2641.889,128.22,42.379
1619T. van der HelmVANMP Motorsport,20,44:03.904,44.394,2.015,159.179,2:08.263,13,1023,2021,ROUND2Summary,,,1619,T  van der Helm,VAN,MP Motorsport,2643.904,128.263,44.394
1724K. FrederickFRECarlin Buzz,20,44:04.849,45.339,0.945,159.122,2:08.033,17,1023,2021,ROUND2Summary,,,1724,K  Frederick,FRE,Carlin Buzz,2644.849,128.033,45.339
1827J. HoggardHOGJenzer Motorsport,20,44:05.392,45.882,0.543,159.089,2:07.521,16,1023,2021,ROUND2Summary,,,1827,J  Hoggard,HOG,Jenzer Motorsport,2645.392,127.521,45.882
1921L. ColomboLCOCampos Racing,20,44:07.182,47.672,1.790,158.982,2:07.540,14,1023,2021,ROUND2Summary,,,1921,L  Colombo,LCO,Campos Racing,2647.182,127.54,47.672
2014M. NanniniNANHWA RACELAB,20,44:08.029,48.519,0.847,158.931,2:07.634,14,1023,2021,ROUND2Summary,,,2014,M  Nannini,NAN,HWA RACELAB,2648.029,127.634,48.519
2131R. de GerusDEGCharouz Racing System,20,44:08.369,48.859,0.340,158.91,1:59.335,17,1023,2021,ROUND2Summary,,,2131,R  de Gerus,DEG,Charouz Racing System,2648.369,119.335,48.859
2215O. RasmussenRASHWA RACELAB,20,44:13.427,53.917,5.058,158.607,2:08.540,18,1023,2021,ROUND2Summary,,,2215,O  Rasmussen,RAS,HWA RACELAB,2653.427,128.54,53.917
2316R. VillagómezVILHWA RACELAB,20,44:14.170,54.660,0.743,158.563,2:07.472,15,1023,2021,ROUND2Summary,,,2316,R  Villagómez,VIL,HWA RACELAB,2654.17,127.472,54.66
2423I. CohenCOHCarlin Buzz,20,44:16.198,56.688,2.028,158.442,2:07.309,16,1023,2021,ROUND2Summary,,,2423,I  Cohen,COH,Carlin Buzz,2656.198,127.309,56.688
2522A. CordeelACOCampos Racing,20,44:26.601,62.091,5.403,158.12,2:09.202,13,1023,2021,ROUND2Summary,,,2522,A  Cordeel,ACO,Campos Racing,2666.601,129.202,62.091
2628F. UgranUGRJenzer Motorsport,20,44:27.757,68.247,6.156,157.755,2:09.030,14,1023,2021,ROUND2Summary,,,2628,F  Ugran,UGR,Jenzer Motorsport,2667.757,129.03,68.247
276D. SchumacherSCHTrident,20,44:28.035,68.525,0.278,157.739,2:08.724,19,1023,2021,ROUND2Summary,,,276,D  Schumacher,SCH,Trident,2668.035,128.724,68.525
DNF20P. ChovetCHOCampos Racing,18,40:04.676,DNF,-,157.523,2:07.956,16,1023,2021,ROUND2Summary,,DNF,20,P  Chovet,CHO,Campos Racing,2404.676,127.956,
DNF29L. SargeantSARCharouz Racing System,8,17:56.397,DNF,-,156.522,2:09.630,7,1023,2021,ROUND2Summary,,DNF,29,L  Sargeant,SAR,Charouz Racing System,1076.397,129.63,
DNF3O. CaldwellCALPREMA Racing,2,4:39.742,DNF,-,151.185,2:14.052,2,1023,2021,ROUND2Summary,,DNF,3,O  Caldwell,CAL,PREMA Racing,279.742,134.052,
17F. VestiVESART Grand Prix,24,36:17.937,-,-,171.089,1:22.190,5,1024,2021,ROUND3Summary,,,17,F  Vesti,VES,ART Grand Prix,2177.937,82.19,
21D. HaugerHAUPREMA Racing,24,36:19.061,1.124,1.124,171.0,1:22.244,19,1024,2021,ROUND3Summary,,,21,D  Hauger,HAU,PREMA Racing,2179.061,82.244,1.124
33O. CaldwellCALPREMA Racing,24,36:19.678,1.741,0.617,170.952,1:21.849,21,1024,2021,ROUND3Summary,,,33,O  Caldwell,CAL,PREMA Racing,2179.678,81.849,1.741
48A. SmolyarSMOART Grand Prix,24,36:20.195,2.258,0.517,170.912,1:22.219,22,1024,2021,ROUND3Summary,,,48,A  Smolyar,SMO,ART Grand Prix,2180.195,82.219,2.258
514M. NanniniNANHWA RACELAB,24,36:22.084,4.147,1.889,170.764,1:22.019,5,1024,2021,ROUND3Summary,,,514,M  Nannini,NAN,HWA RACELAB,2182.084,82.019,4.147
611A. IwasaIWAHitech Grand Prix,24,36:23.100,5.163,1.016,170.684,1:21.948,5,1024,2021,ROUND3Summary,,,611,A  Iwasa,IWA,Hitech Grand Prix,2183.1,81.94800000000001,5.163
718C. ColletCCOMP Motorsport,24,36:24.722,6.785,1.622,170.557,1:22.129,21,1024,2021,ROUND3Summary,,,718,C  Collet,CCO,MP Motorsport,2184.722,82.129,6.785
829L. SargeantSARCharouz Racing System,24,36:25.498,7.561,0.776,170.497,1:22.040,4,1024,2021,ROUND3Summary,,,829,L  Sargeant,SAR,Charouz Racing System,2185.498,82.03999999999999,7.561
926C. WilliamsWILJenzer Motorsport,24,36:26.257,8.320,0.759,170.438,1:22.015,5,1024,2021,ROUND3Summary,,,926,C  Williams,WIL,Jenzer Motorsport,2186.257,82.015,8.32
1025J. EdgarEDGCarlin Buzz,24,36:26.986,9.049,0.729,170.381,1:22.202,11,1024,2021,ROUND3Summary,,,1025,J  Edgar,EDG,Carlin Buzz,2186.986,82.202,9.049
116D. SchumacherSCHTrident,24,36:27.542,9.605,0.317,170.338,1:22.544,13,1024,2021,ROUND3Summary,,,116,D  Schumacher,SCH,Trident,2187.542,82.544,9.605
1212R. StanekSTAHitech Grand Prix,24,36:28.719,10.782,0.454,170.246,1:22.628,11,1024,2021,ROUND3Summary,,,1212,R  Stanek,STA,Hitech Grand Prix,2188.719,82.628,10.782
1321L. ColomboLCOCampos Racing,24,36:29.256,11.319,0.537,170.204,1:22.506,12,1024,2021,ROUND3Summary,,,1321,L  Colombo,LCO,Campos Racing,2189.256,82.506,11.319
149J. CorreaJCOART Grand Prix,24,36:29.582,11.645,0.326,170.179,1:22.637,12,1024,2021,ROUND3Summary,,,149,J  Correa,JCO,ART Grand Prix,2189.582,82.637,11.645
1530E. FittipaldiFITCharouz Racing System,24,36:33.265,10.328,0.723,170.281,1:22.490,22,1024,2021,ROUND3Summary,,,1530,E  Fittipaldi,FIT,Charouz Racing System,2193.265,82.49,10.328
1623I. CohenCOHCarlin Buzz,24,36:33.520,15.583,0.906,169.873,1:22.613,4,1024,2021,ROUND3Summary,,,1623,I  Cohen,COH,Carlin Buzz,2193.52,82.613,15.583
1731R. de GerusDEGCharouz Racing System,24,36:34.139,16.202,0.619,169.825,1:22.700,12,1024,2021,ROUND3Summary,,,1731,R  de Gerus,DEG,Charouz Racing System,2194.139,82.7,16.202
1822A. CordeelACOCampos Racing,24,36:34.295,16.358,0.156,169.813,1:22.724,8,1024,2021,ROUND3Summary,,,1822,A  Cordeel,ACO,Campos Racing,2194.295,82.724,16.358
1916R. VillagómezVILHWA RACELAB,24,36:35.787,17.850,0.650,169.698,1:22.643,6,1024,2021,ROUND3Summary,,,1916,R  Villagómez,VIL,HWA RACELAB,2195.787,82.643,17.85
2019T. van der HelmVANMP Motorsport,24,36:35.986,13.049,1.404,170.07,1:22.586,21,1024,2021,ROUND3Summary,,,2019,T  van der Helm,VAN,MP Motorsport,2195.986,82.586,13.049
2120L. TóthTOTCampos Racing,24,36:37.041,19.104,1.254,169.601,1:22.667,9,1024,2021,ROUND3Summary,,,2120,L  Tóth,TOT,Campos Racing,2197.041,82.667,19.104
2215O. RasmussenRASHWA RACELAB,24,36:37.225,9.288,0.239,170.362,1:22.633,12,1024,2021,ROUND3Summary,,,2215,O  Rasmussen,RAS,HWA RACELAB,2197.225,82.633,9.288
2328F. UgranUGRJenzer Motorsport,24,36:45.137,17.200,0.842,169.748,1:22.418,22,1024,2021,ROUND3Summary,,,2328,F  Ugran,UGR,Jenzer Motorsport,2205.137,82.418,17.2
2417V. MartinsMARMP Motorsport,24,37:00.987,43.050,23.946,167.772,1:21.737,21,1024,2021,ROUND3Summary,,,2417,V  Martins,MAR,MP Motorsport,2220.987,81.737,43.05
2527J. HoggardHOGJenzer Motorsport,24,37:02.614,14.677,1.628,169.944,1:22.450,7,1024,2021,ROUND3Summary,,,2527,J  Hoggard,HOG,Jenzer Motorsport,2222.614,82.45,14.677
2610J. CrawfordCRAHitech Grand Prix,24,37:43.893,75.956,32.906,165.323,1:22.129,4,1024,2021,ROUND3Summary,,,2610,J  Crawford,CRA,Hitech Grand Prix,2263.893,82.129,75.956
274J. DoohanDOOTrident,23,37:02.143,1 LAP,1 LAP,161.416,1:22.310,11,1024,2021,ROUND3Summary,,,274,J  Doohan,DOO,Trident,2222.143,82.31,
DNF5C. NovalakNOVTrident,13,18:01.195,DNF,-,186.486,1:22.196,10,1024,2021,ROUND3Summary,,DNF,5,C  Novalak,NOV,Trident,1081.195,82.196,
DNF2A. LeclercLECPREMA Racing,13,18:01.380,DNF,-,186.455,1:21.922,5,1024,2021,ROUND3Summary,,DNF,2,A  Leclerc,LEC,PREMA Racing,1081.38,81.922,
17V. MartinsMARART Grand Prix,23,46:47.389,-,-,159.303,1:52.031,8,1029,2022,ROUND1Summary,,,17,V  Martins,MAR,ART Grand Prix,2807.389,112.031,
24A. LeclercLECPREMA Racing,23,46:48.932,1.543,1.543,159.216,1:51.958,8,1029,2022,ROUND1Summary,,,24,A  Leclerc,LEC,PREMA Racing,2808.932,111.958,1.543
38G. SaucySAUART Grand Prix,23,46:54.201,6.812,5.269,158.918,1:52.191,9,1029,2022,ROUND1Summary,,,38,G  Saucy,SAU,ART Grand Prix,2814.201,112.191,6.812
49J. CorreaJCOART Grand Prix,23,46:56.473,9.084,2.272,158.790,1:52.250,8,1029,2022,ROUND1Summary,,,49,J  Correa,JCO,ART Grand Prix,2816.473,112.25,9.084
529F. ColapintoCOLVan Amersfoort Racing,23,46:58.582,11.193,2.109,158.671,1:51.927,7,1029,2022,ROUND1Summary,,,529,F  Colapinto,COL,Van Amersfoort Racing,2818.582,111.927,11.193
66O. BearmanBEAPREMA Racing,23,47:01.971,14.582,3.389,158.480,1:52.795,8,1029,2022,ROUND1Summary,,,66,O  Bearman,BEA,PREMA Racing,2821.971,112.795,14.582
75J. CrawfordCRAPREMA Racing,23,47:06.154,18.765,4.183,158.246,1:52.865,8,1029,2022,ROUND1Summary,,,75,J  Crawford,CRA,PREMA Racing,2826.154,112.865,18.765
820D. VidalesVIDCampos Racing,23,47:10.393,23.004,4.239,158.009,1:53.275,9,1029,2022,ROUND1Summary,,,820,D  Vidales,VID,Campos Racing,2830.393,113.275,23.004
925W. AlataloALAJenzer Motorsport,23,47:11.054,23.665,0.661,157.972,1:52.601,8,1029,2022,ROUND1Summary,,,925,W  Alatalo,ALA,Jenzer Motorsport,2831.054,112.601,23.665
1017K. FrederickFREHitech Grand Prix,23,47:11.232,23.843,0.178,157.962,1:52.360,7,1029,2022,ROUND1Summary,,,1017,K  Frederick,FRE,Hitech Grand Prix,2831.232,112.36,23.843
111J. EdgarEDGTrident,23,47:14.295,26.906,3.063,157.791,1:52.847,7,1029,2022,ROUND1Summary,,,111,J  Edgar,EDG,Trident,2834.295,112.847,26.906
1230R. VillagómezVILVan Amersfoort Racing,23,47:15.663,28.274,1.368,157.715,1:52.961,8,1029,2022,ROUND1Summary,,,1230,R  Villagómez,VIL,Van Amersfoort Racing,2835.663,112.961,28.274
1322J. MartíMARCampos Racing,23,47:17.583,30.194,1.920,157.608,1:53.585,7,1029,2022,ROUND1Summary,,,1322,J  Martí,MAR,Campos Racing,2837.583,113.585,30.194
1424N. KariKARJenzer Motorsport,23,47:22.433,35.044,1.747,157.339,1:51.893,7,1029,2022,ROUND1Summary,,,1424,N  Kari,KAR,Jenzer Motorsport,2842.433,111.893,35.044
1523I. CohenCOHJenzer Motorsport,23,47:22.457,35.068,0.024,157.338,1:52.474,8,1029,2022,ROUND1Summary,,,1523,I  Cohen,COH,Jenzer Motorsport,2842.457,112.474,35.068
1612K. MainiMAIMP Motorsport,23,47:22.500,35.111,0.043,157.336,1:52.301,7,1029,2022,ROUND1Summary,,,1612,K  Maini,MAI,MP Motorsport,2842.5,112.301,35.111
1731R. UshijimaUSHVan Amersfoort Racing,23,47:23.179,35.790,0.679,157.298,1:53.054,7,1029,2022,ROUND1Summary,,,1731,R  Ushijima,USH,Van Amersfoort Racing,2843.179,113.054,35.79
1826Z. O'SullivanOSUCarlin,23,47:23.663,36.274,0.484,157.271,1:52.943,7,1029,2022,ROUND1Summary,,,1826,Z  O'Sullivan,OSU,Carlin,2843.663,112.943,36.274
1915A. SimmonsSIMCharouz Racing System,23,47:24.181,36.792,0.518,157.243,1:52.564,7,1029,2022,ROUND1Summary,,,1915,A  Simmons,SIM,Charouz Racing System,2844.181,112.564,36.792
2027B. BenavidesBENCarlin,23,47:25.556,38.167,1.375,157.167,1:52.875,8,1029,2022,ROUND1Summary,,,2027,B  Benavides,BEN,Carlin,2845.556,112.875,38.167
2121H. YeanyYEACampos Racing,23,47:25.686,33.297,3.103,157.436,1:53.378,10,1029,2022,ROUND1Summary,,,2121,H  Yeany,YEA,Campos Racing,2845.686,113.378,33.297
222R. StanekSTATrident,23,47:25.692,38.303,0.136,157.159,1:51.634,7,1029,2022,ROUND1Summary,,,222,R  Stanek,STA,Trident,2845.692,111.634,38.303
2311A. SmolyarSMOMP Motorsport,23,47:26.184,38.795,0.492,157.132,1:52.447,8,1029,2022,ROUND1Summary,,,2311,A  Smolyar,SMO,MP Motorsport,2846.184,112.447,38.795
2414L. TóthTOTCharouz Racing System,23,47:27.341,39.952,1.157,157.068,1:52.951,7,1029,2022,ROUND1Summary,,,2414,L  Tóth,TOT,Charouz Racing System,2847.341,112.951,39.952
2518I. HadjarHADHitech Grand Prix,23,47:37.170,49.781,9.829,156.528,1:51.782,13,1029,2022,ROUND1Summary,,,2518,I  Hadjar,HAD,Hitech Grand Prix,2857.17,111.782,49.781
2628E. TrulliTRUCarlin,23,48:39.000,111.611,61.830,153.212,1:52.407,7,1029,2022,ROUND1Summary,,,2628,E  Trulli,TRU,Carlin,2919.0,112.407,111.611
DNF19N. AzmanAZMHitech Grand Prix,4,10:37.886,DNF,-,120.785,2:33.489,4,1029,2022,ROUND1Summary,,DNF,19,N  Azman,AZM,Hitech Grand Prix,637.886,153.489,
DNF10C. ColletCCOMP Motorsport,1,2:40.070,DNF,-,116.184,-,-,1029,2022,ROUND1Summary,,DNF,10,C  Collet,CCO,MP Motorsport,160.07,,
DNF3Z. MaloneyMALTrident,-,-,DNF,-,-,-,-,1029,2022,ROUND1Summary,,DNF,3,Z  Maloney,MAL,Trident,,,
DNF16F. PizziPIZCharouz Racing System,-,-,DNF,-,-,-,-,1029,2022,ROUND1Summary,,DNF,16,F  Pizzi,PIZ,Charouz Racing System,,,
12R. StanekSTATrident,24,45:37.829,-,-,154.63,1:33.129,18,1030,2022,ROUND2Summary,,,12,R  Stanek,STA,Trident,2737.829,93.129,
25J. CrawfordCRAPREMA Racing,24,45:38.483,0.654,0.654,154.593,1:33.551,21,1030,2022,ROUND2Summary,,,25,J  Crawford,CRA,PREMA Racing,2738.483,93.551,0.654
318I. HadjarHADHitech Grand Prix,24,45:42.076,4.247,3.593,154.391,1:33.620,19,1030,2022,ROUND2Summary,,,318,I  Hadjar,HAD,Hitech Grand Prix,2742.076,93.62,4.247
44A. LeclercLECPREMA Racing,24,45:44.344,6.515,1.787,154.263,1:33.197,20,1030,2022,ROUND2Summary,,,44,A  Leclerc,LEC,PREMA Racing,2744.344,93.197,6.515
512K. MainiMAIMP Motorsport,24,45:50.395,12.566,6.051,153.924,1:33.949,17,1030,2022,ROUND2Summary,,,512,K  Maini,MAI,MP Motorsport,2750.395,93.949,12.566
626Z. O'SullivanOSUCarlin,24,45:51.114,13.285,0.719,153.884,1:34.372,16,1030,2022,ROUND2Summary,,,626,Z  O'Sullivan,OSU,Carlin,2751.114,94.372,13.285
717K. FrederickFREHitech Grand Prix,24,45:52.118,14.289,1.004,153.827,1:34.158,18,1030,2022,ROUND2Summary,,,717,K  Frederick,FRE,Hitech Grand Prix,2752.118,94.158,14.289
820D. VidalesVIDCampos Racing,24,45:52.774,14.945,0.656,153.791,1:33.893,19,1030,2022,ROUND2Summary,,,820,D  Vidales,VID,Campos Racing,2752.774,93.893,14.945
97V. MartinsMARART Grand Prix,24,45:53.722,15.893,0.447,153.738,1:33.914,18,1030,2022,ROUND2Summary,,,97,V  Martins,MAR,ART Grand Prix,2753.722,93.914,15.893
1025W. AlataloALAJenzer Motorsport,24,45:54.442,16.613,0.720,153.698,1:34.050,18,1030,2022,ROUND2Summary,,,1025,W  Alatalo,ALA,Jenzer Motorsport,2754.442,94.05,16.613
1110C. ColletCCOMP Motorsport,24,45:56.416,18.587,1.974,153.588,1:34.049,18,1030,2022,ROUND2Summary,,,1110,C  Collet,CCO,MP Motorsport,2756.416,94.049,18.587
1215D. SchumacherSCHCharouz Racing System,24,45:56.677,18.848,0.261,153.573,1:34.490,19,1030,2022,ROUND2Summary,,,1215,D  Schumacher,SCH,Charouz Racing System,2756.677,94.49,18.848
1323I. CohenCOHJenzer Motorsport,24,45:53.275,15.446,0.501,153.763,1:33.963,18,1030,2022,ROUND2Summary,,,1323,I  Cohen,COH,Jenzer Motorsport,2753.275,93.963,15.446
1411A. SmolyarSMOMP Motorsport,24,45:58.879,21.050,2.202,153.451,1:34.287,19,1030,2022,ROUND2Summary,,,1411,A  Smolyar,SMO,MP Motorsport,2758.879,94.287,21.05
1522J. MartíMARCampos Racing,24,45:59.798,21.969,0.919,153.399,1:34.605,19,1030,2022,ROUND2Summary,,,1522,J  Martí,MAR,Campos Racing,2759.798,94.605,21.969
1621H. YeanyYEACampos Racing,24,46:00.792,22.963,0.994,153.344,1:34.395,19,1030,2022,ROUND2Summary,,,1621,H  Yeany,YEA,Campos Racing,2760.792,94.395,22.963
176O. BearmanBEAPREMA Racing,24,45:42.557,4.728,0.481,154.364,1:33.426,18,1030,2022,ROUND2Summary,,,176,O  Bearman,BEA,PREMA Racing,2742.557,93.426,4.728
1831R. UshijimaUSHVan Amersfoort Racing,24,46:05.533,27.704,4.741,153.081,1:34.750,19,1030,2022,ROUND2Summary,,,1831,R  Ushijima,USH,Van Amersfoort Racing,2765.533,94.75,27.704
1919N. AzmanAZMHitech Grand Prix,24,46:06.590,28.761,1.057,153.023,1:34.525,19,1030,2022,ROUND2Summary,,,1919,N  Azman,AZM,Hitech Grand Prix,2766.59,94.525,28.761
2030R. VillagómezVILVan Amersfoort Racing,24,46:08.235,30.406,1.645,152.932,1:34.533,23,1030,2022,ROUND2Summary,,,2030,R  Villagómez,VIL,Van Amersfoort Racing,2768.235,94.533,30.406
2124F. MalvestitiMALJenzer Motorsport,24,46:10.203,32.374,1.968,152.823,1:34.445,21,1030,2022,ROUND2Summary,,,2124,F  Malvestiti,MAL,Jenzer Motorsport,2770.203,94.445,32.374
2229F. ColapintoCOLVan Amersfoort Racing,24,46:50.395,72.566,40.192,150.638,1:33.534,20,1030,2022,ROUND2Summary,,,2229,F  Colapinto,COL,Van Amersfoort Racing,2810.395,93.534,72.566
DNF8G. SaucySAUART Grand Prix,23,44:05.246,DNF,-,153.362,1:33.729,19,1030,2022,ROUND2Summary,,DNF,8,G  Saucy,SAU,ART Grand Prix,2645.246,93.729,
2428E. TrulliTRUCarlin,23,46:09.677,1 LAP,124.431,146.472,1:34.230,18,1030,2022,ROUND2Summary,,,2428,E  Trulli,TRU,Carlin,2769.677,94.23,
2514L. TóthTOTCharouz Racing System,21,46:28.933,3 LAPS,2 LAPS,132.787,1:37.559,19,1030,2022,ROUND2Summary,,,2514,L  Tóth,TOT,Charouz Racing System,2788.933,97.559,
DNF3Z. MaloneyMALTrident,9,19:01.584,DNF,-,138.637,1:40.338,7,1030,2022,ROUND2Summary,,DNF,3,Z  Maloney,MAL,Trident,1141.584,100.338,
DNF27B. BenavidesBENCarlin,6,13:06.748,DNF,-,133.778,1:40.564,6,1030,2022,ROUND2Summary,,DNF,27,B  Benavides,BEN,Carlin,786.748,100.564,
DNF1O. RasmussenRASTrident,5,11:24.595,DNF,-,127.925,2:13.374,2,1030,2022,ROUND2Summary,,DNF,1,O  Rasmussen,RAS,Trident,684.595,133.374,
DNF16F. PizziPIZCharouz Racing System,1,2:12.171,DNF,-,127.77,-,-,1030,2022,ROUND2Summary,,DNF,16,F  Pizzi,PIZ,Charouz Racing System,132.171,,
17V. MartinsMARART Grand Prix,24,43:43.673,-,-,153.779,1:37.030,15,1031,2022,ROUND3Summary,,,17,V  Martins,MAR,ART Grand Prix,2623.673,97.03,
22R. StanekSTATrident,24,43:46.041,2.368,2.368,153.64,1:37.211,8,1031,2022,ROUND3Summary,,,22,R  Stanek,STA,Trident,2626.041,97.211,2.368
318I. HadjarHADHitech Grand Prix,24,43:46.699,3.026,0.658,153.602,1:37.313,16,1031,2022,ROUND3Summary,,,318,I  Hadjar,HAD,Hitech Grand Prix,2626.699,97.313,3.026
411A. SmolyarSMOMP Motorsport,24,43:47.297,3.624,0.598,153.567,1:37.330,3,1031,2022,ROUND3Summary,,,411,A  Smolyar,SMO,MP Motorsport,2627.297,97.33,3.624
56O. BearmanBEAPREMA Racing,24,43:48.021,4.348,0.724,153.524,1:37.430,10,1031,2022,ROUND3Summary,,,56,O  Bearman,BEA,PREMA Racing,2628.021,97.43,4.348
65J. CrawfordCRAPREMA Racing,24,43:49.093,5.420,1.072,153.462,1:37.339,9,1031,2022,ROUND3Summary,,,65,J  Crawford,CRA,PREMA Racing,2629.093,97.339,5.42
710C. ColletCCOMP Motorsport,24,43:50.306,6.633,1.213,153.391,1:37.583,9,1031,2022,ROUND3Summary,,,710,C  Collet,CCO,MP Motorsport,2630.306,97.583,6.633
829F. ColapintoCOLVan Amersfoort Racing,24,43:50.572,6.899,0.266,153.375,1:37.436,22,1031,2022,ROUND3Summary,,,829,F  Colapinto,COL,Van Amersfoort Racing,2630.572,97.436,6.899
917K. FrederickFREHitech Grand Prix,24,43:52.104,8.431,1.532,153.286,1:37.528,18,1031,2022,ROUND3Summary,,,917,K  Frederick,FRE,Hitech Grand Prix,2632.104,97.528,8.431
109J. CorreaJCOART Grand Prix,24,43:55.767,12.094,3.663,153.073,1:37.973,21,1031,2022,ROUND3Summary,,,109,J  Correa,JCO,ART Grand Prix,2635.767,97.973,12.094
118G. SaucySAUART Grand Prix,24,43:57.859,14.186,2.092,152.952,1:37.754,17,1031,2022,ROUND3Summary,,,118,G  Saucy,SAU,ART Grand Prix,2637.859,97.754,14.186
1225W. AlataloALAJenzer Motorsport,24,43:58.909,15.236,1.050,152.891,1:37.216,19,1031,2022,ROUND3Summary,,,1225,W  Alatalo,ALA,Jenzer Motorsport,2638.909,97.216,15.236
133Z. MaloneyMALTrident,24,44:01.183,17.510,2.274,152.759,1:37.618,22,1031,2022,ROUND3Summary,,,133,Z  Maloney,MAL,Trident,2641.183,97.618,17.51
141O. RasmussenRASTrident,24,44:02.420,18.747,0.349,152.688,1:38.153,17,1031,2022,ROUND3Summary,,,141,O  Rasmussen,RAS,Trident,2642.42,98.153,18.747
1515L. ZendeliZENCharouz Racing System,24,44:04.960,21.287,2.540,152.541,1:38.255,18,1031,2022,ROUND3Summary,,,1515,L  Zendeli,ZEN,Charouz Racing System,2644.96,98.255,21.287
164A. LeclercLECPREMA Racing,24,44:02.071,18.398,0.888,152.708,1:37.543,10,1031,2022,ROUND3Summary,,,164,A  Leclerc,LEC,PREMA Racing,2642.071,97.543,18.398
1716F. PizziPIZCharouz Racing System,24,44:10.324,26.651,0.572,152.232,1:38.377,8,1031,2022,ROUND3Summary,,,1716,F  Pizzi,PIZ,Charouz Racing System,2650.324,98.377,26.651
1819N. AzmanAZMHitech Grand Prix,24,44:11.540,27.867,1.216,152.163,1:38.760,10,1031,2022,ROUND3Summary,,,1819,N  Azman,AZM,Hitech Grand Prix,2651.54,98.76,27.867
1931R. UshijimaUSHVan Amersfoort Racing,24,44:11.954,28.281,0.414,152.139,1:38.505,18,1031,2022,ROUND3Summary,,,1931,R  Ushijima,USH,Van Amersfoort Racing,2651.954,98.505,28.281
2022J. MartíMARCampos Racing,24,44:12.155,28.482,0.201,152.127,1:38.424,3,1031,2022,ROUND3Summary,,,2022,J  Martí,MAR,Campos Racing,2652.155,98.424,28.482
2124F. MalvestitiMALJenzer Motorsport,24,44:13.386,29.713,1.231,152.057,1:38.477,8,1031,2022,ROUND3Summary,,,2124,F  Malvestiti,MAL,Jenzer Motorsport,2653.386,98.477,29.713
2223I. CohenCOHJenzer Motorsport,24,44:09.752,26.079,4.792,152.265,1:38.517,10,1031,2022,ROUND3Summary,,,2223,I  Cohen,COH,Jenzer Motorsport,2649.752,98.517,26.079
2314L. TóthTOTCharouz Racing System,24,44:14.796,31.123,1.217,151.976,1:38.749,8,1031,2022,ROUND3Summary,,,2314,L  Tóth,TOT,Charouz Racing System,2654.796,98.749,31.123
2428E. TrulliTRUCarlin,24,44:13.579,29.906,0.193,152.046,1:38.457,23,1031,2022,ROUND3Summary,,,2428,E  Trulli,TRU,Carlin,2653.579,98.457,29.906
2512K. MainiMAIMP Motorsport,24,44:38.477,54.804,23.681,150.632,1:38.670,10,1031,2022,ROUND3Summary,,,2512,K  Maini,MAI,MP Motorsport,2678.477,98.67,54.804
2621H. YeanyYEACampos Racing,24,45:09.159,85.486,30.682,148.926,1:37.184,18,1031,2022,ROUND3Summary,,,2621,H  Yeany,YEA,Campos Racing,2709.159,97.184,85.486
DNF26Z. O'SullivanOSUCarlin,22,41:08.404,DNF,-,149.815,1:38.455,10,1031,2022,ROUND3Summary,,DNF,26,Z  O'Sullivan,OSU,Carlin,2468.404,98.455,
DNF20D. VidalesVIDCampos Racing,15,29:38.925,DNF,-,141.656,1:37.843,10,1031,2022,ROUND3Summary,,DNF,20,D  Vidales,VID,Campos Racing,1778.925,97.843,
DNF27B. BenavidesBENCarlin,10,18:59.054,DNF,-,147.355,1:38.741,3,1031,2022,ROUND3Summary,,DNF,27,B  Benavides,BEN,Carlin,1139.054,98.741,
DNF30R. VillagómezVILVan Amersfoort Racing,2,3:28.493,DNF,-,159.268,-,-,1031,2022,ROUND3Summary,,DNF,30,R  Villagómez,VIL,Van Amersfoort Racing,208.493,,
15G. BortoletoBORTrident,22,44:33.107,-,-,160.017,1:50.743,2,1039,2023,ROUND1Summary,,,15,G  Bortoleto,BOR,Trident,2673.107,110.743,
26O. GoetheGOETrident,22,44:33.976,0.869,0.869,159.965,1:51.654,2,1039,2023,ROUND1Summary,,,26,O  Goethe,GOE,Trident,2673.976,111.654,0.869
32D. BeganovicBEGPREMA Racing,22,44:34.216,1.109,0.240,159.951,1:52.077,2,1039,2023,ROUND1Summary,,,32,D  Beganovic,BEG,PREMA Racing,2674.216,112.077,1.109
48G. SaucySAUART Grand Prix,22,44:34.431,1.324,0.215,159.938,1:51.316,2,1039,2023,ROUND1Summary,,,48,G  Saucy,SAU,ART Grand Prix,2674.431,111.316,1.324
516L. BrowningBROHitech Pulse-Eight,22,44:34.798,1.691,0.367,159.916,1:52.388,6,1039,2023,ROUND1Summary,,,516,L  Browning,BRO,Hitech Pulse-Eight,2674.798,112.388,1.691
623J. MartíMARCampos Racing,22,44:34.955,1.848,0.157,159.907,1:52.686,4,1039,2023,ROUND1Summary,,,623,J  Martí,MAR,Campos Racing,2674.955,112.686,1.848
77K. FrederickFREART Grand Prix,22,44:35.221,2.114,0.266,159.891,1:52.109,2,1039,2023,ROUND1Summary,,,77,K  Frederick,FRE,ART Grand Prix,2675.221,112.109,2.114
815G. MinìMINHitech Pulse-Eight,22,44:37.707,4.600,2.486,159.742,1:51.322,2,1039,2023,ROUND1Summary,,,815,G  Minì,MIN,Hitech Pulse-Eight,2677.707,111.322,4.6
914S. MontoyaMONHitech Pulse-Eight,22,44:39.921,6.814,2.214,159.61,1:52.947,3,1039,2023,ROUND1Summary,,,914,S  Montoya,MON,Hitech Pulse-Eight,2679.921,112.947,6.814
1010F. ColapintoCOLMP Motorsport,22,44:42.941,9.834,3.020,159.431,1:52.758,3,1039,2023,ROUND1Summary,,,1010,F  Colapinto,COL,MP Motorsport,2682.941,112.758,9.834
113Z. O'SullivanOSUPREMA Racing,22,44:48.938,15.831,2.650,159.075,1:52.659,4,1039,2023,ROUND1Summary,,,113,Z  O'Sullivan,OSU,PREMA Racing,2688.938,112.659,15.831
121P. AronAROPREMA Racing,22,44:51.288,13.181,3.347,159.232,1:52.146,3,1039,2023,ROUND1Summary,,,121,P  Aron,ARO,PREMA Racing,2691.288,112.146,13.181
1324C. MansellMANCampos Racing,22,44:51.372,18.265,2.434,158.931,1:53.088,4,1039,2023,ROUND1Summary,,,1324,C  Mansell,MAN,Campos Racing,2691.372,113.088,18.265
1417C. ColletCCOVan Amersfoort Racing,22,44:52.309,19.202,0.937,158.876,1:53.001,4,1039,2023,ROUND1Summary,,,1417,C  Collet,CCO,Van Amersfoort Racing,2692.309,113.001,19.202
159N. TsolovTSOART Grand Prix,22,44:52.334,19.227,0.025,158.875,1:52.811,3,1039,2023,ROUND1Summary,,,159,N  Tsolov,TSO,ART Grand Prix,2692.334,112.811,19.227
1627T. BarnardBARJenzer Motorsport,22,44:52.709,19.602,0.375,158.852,1:53.114,4,1039,2023,ROUND1Summary,,,1627,T  Barnard,BAR,Jenzer Motorsport,2692.709,113.114,19.602
1726N. BedrinBEDJenzer Motorsport,22,44:55.129,22.022,2.420,158.71,1:53.341,3,1039,2023,ROUND1Summary,,,1726,N  Bedrin,BED,Jenzer Motorsport,2695.129,113.341,22.022
1822I. CohenCOHCarlin,22,44:58.309,25.202,0.114,158.523,1:52.931,3,1039,2023,ROUND1Summary,,,1822,I  Cohen,COH,Carlin,2698.309,112.931,25.202
1918R. VillagómezVILVan Amersfoort Racing,22,44:58.743,25.636,0.434,158.497,1:53.198,4,1039,2023,ROUND1Summary,,,1918,R  Villagómez,VIL,Van Amersfoort Racing,2698.743,113.198,25.636
2029S. FloerschFLOPHM Racing by Charouz,22,45:01.540,28.433,2.797,158.333,1:53.547,5,1039,2023,ROUND1Summary,,,2029,S  Floersch,FLO,PHM Racing by Charouz,2701.54,113.547,28.433
2120O. GrayGRACarlin,22,45:03.195,25.088,3.066,158.529,1:53.208,4,1039,2023,ROUND1Summary,,,2120,O  Gray,GRA,Carlin,2703.195,113.208,25.088
2221H. YeanyYEACarlin,22,45:08.568,35.461,7.028,157.922,1:53.215,3,1039,2023,ROUND1Summary,,,2221,H  Yeany,YEA,Carlin,2708.568,113.215,35.461
2312J. EdgarEDGMP Motorsport,22,45:09.289,36.182,0.721,157.88,1:52.623,2,1039,2023,ROUND1Summary,,,2312,J  Edgar,EDG,MP Motorsport,2709.289,112.623,36.182
2431P. WisnickiWISPHM Racing by Charouz,22,45:10.472,37.365,1.183,157.811,1:54.025,6,1039,2023,ROUND1Summary,,,2431,P  Wisnicki,WIS,PHM Racing by Charouz,2710.472,114.025,37.365
2530R. FariaFARPHM Racing by Charouz,22,45:18.411,45.304,7.939,157.351,1:54.282,5,1039,2023,ROUND1Summary,,,2530,R  Faria,FAR,PHM Racing by Charouz,2718.411,114.282,45.304
2625H. BarterBARCampos Racing,22,45:40.622,67.515,22.211,156.075,1:52.349,2,1039,2023,ROUND1Summary,,,2625,H  Barter,BAR,Campos Racing,2740.622,112.349,67.515
274L. FornaroliFORTrident,21,45:04.980,1 LAP,1 LAP,150.929,1:52.030,3,1039,2023,ROUND1Summary,,,274,L  Fornaroli,FOR,Trident,2704.98,112.03,
DNF19T. SmithSMIVan Amersfoort Racing,20,40:17.947,DNF,-,160.788,1:53.263,11,1039,2023,ROUND1Summary,,DNF,19,T  Smith,SMI,Van Amersfoort Racing,2417.947,113.263,
DNF28A. GarcíaGARJenzer Motorsport,19,38:20.558,DNF,-,160.524,1:53.898,6,1039,2023,ROUND1Summary,,DNF,28,A  García,GAR,Jenzer Motorsport,2300.558,113.898,
DNF11M. BoyaBOYMP Motorsport,6,11:33.115,DNF,-,167.38,1:53.113,4,1039,2023,ROUND1Summary,,DNF,11,M  Boya,BOY,MP Motorsport,693.115,113.113,
15G. BortoletoBORTrident,23,43:41.950,-,-,166.676,1:34.570,10,1040,2023,ROUND2Summary,,,15,G  Bortoleto,BOR,Trident,2621.95,94.57,
28G. SaucySAUART Grand Prix,23,43:42.546,0.596,0.596,166.638,1:34.405,17,1040,2023,ROUND2Summary,,,28,G  Saucy,SAU,ART Grand Prix,2622.546,94.405,0.596
315G. MinìMINHitech Pulse-Eight,23,43:44.982,3.032,2.436,166.484,1:34.769,17,1040,2023,ROUND2Summary,,,315,G  Minì,MIN,Hitech Pulse-Eight,2624.982,94.769,3.032
44L. FornaroliFORTrident,23,43:45.166,3.216,0.184,166.472,1:34.774,20,1040,2023,ROUND2Summary,,,44,L  Fornaroli,FOR,Trident,2625.166,94.774,3.216
53Z. O'SullivanOSUPREMA Racing,23,43:45.514,3.564,0.348,166.450,1:34.624,17,1040,2023,ROUND2Summary,,,53,Z  O'Sullivan,OSU,PREMA Racing,2625.514,94.624,3.564
61P. AronAROPREMA Racing,23,43:46.343,4.393,0.829,166.398,1:34.517,18,1040,2023,ROUND2Summary,,,61,P  Aron,ARO,PREMA Racing,2626.343,94.517,4.393
723J. MartíMARCampos Racing,23,43:50.688,8.738,4.345,166.123,1:34.533,8,1040,2023,ROUND2Summary,,,723,J  Martí,MAR,Campos Racing,2630.688,94.533,8.738
816L. BrowningBROHitech Pulse-Eight,23,43:51.141,9.191,0.453,166.094,1:34.572,11,1040,2023,ROUND2Summary,,,816,L  Browning,BRO,Hitech Pulse-Eight,2631.141,94.572,9.191
927T. BarnardBARJenzer Motorsport,23,43:55.539,13.589,4.398,165.817,1:34.880,17,1040,2023,ROUND2Summary,,,927,T  Barnard,BAR,Jenzer Motorsport,2635.539,94.88,13.589
1024C. MansellMANCampos Racing,23,43:56.306,14.356,0.767,165.769,1:34.542,17,1040,2023,ROUND2Summary,,,1024,C  Mansell,MAN,Campos Racing,2636.306,94.542,14.356
1112J. EdgarEDGMP Motorsport,23,43:56.878,14.928,0.572,165.733,1:34.649,9,1040,2023,ROUND2Summary,,,1112,J  Edgar,EDG,MP Motorsport,2636.878,94.649,14.928
1219T. SmithSMIVan Amersfoort Racing,23,43:57.532,15.582,0.654,165.692,1:35.208,19,1040,2023,ROUND2Summary,,,1219,T  Smith,SMI,Van Amersfoort Racing,2637.532,95.208,15.582
132D. BeganovicBEGPREMA Racing,23,44:00.507,18.55,2.975,165.505,1:34.498,21,1040,2023,ROUND2Summary,,,132,D  Beganovic,BEG,PREMA Racing,2640.507,94.498,18.55
1420O. GrayGRACarlin,23,44:00.716,18.766,0.209,165.492,1:35.561,19,1040,2023,ROUND2Summary,,,1420,O  Gray,GRA,Carlin,2640.716,95.561,18.766
1525H. BarterBARCampos Racing,23,44:00.984,19.034,0.268,165.475,1:35.163,19,1040,2023,ROUND2Summary,,,1525,H  Barter,BAR,Campos Racing,2640.984,95.163,19.034
1617C. ColletCCOVan Amersfoort Racing,23,44:01.376,19.426,0.392,165.451,1:34.468,18,1040,2023,ROUND2Summary,,,1617,C  Collet,CCO,Van Amersfoort Racing,2641.376,94.468,19.426
1721H. YeanyYEACarlin,23,44:01.595,19.645,0.219,165.437,1:35.550,19,1040,2023,ROUND2Summary,,,1721,H  Yeany,YEA,Carlin,2641.595,95.55,19.645
1829S. FloerschFLOPHM Racing by Charouz,23,44:05.556,23.606,3.961,165.189,1:35.984,22,1040,2023,ROUND2Summary,,,1829,S  Floersch,FLO,PHM Racing by Charouz,2645.556,95.984,23.606
1918R. VillagómezVILVan Amersfoort Racing,23,44:10.626,28.676,5.070,164.873,1:35.375,21,1040,2023,ROUND2Summary,,,1918,R  Villagómez,VIL,Van Amersfoort Racing,2650.626,95.375,28.676
2028A. GarcíaGARJenzer Motorsport,23,44:11.985,30.035,1.359,164.789,1:36.568,19,1040,2023,ROUND2Summary,,,2028,A  García,GAR,Jenzer Motorsport,2651.985,96.568,30.035
219N. TsolovTSOART Grand Prix,23,44:12.014,30.064,0.029,164.787,1:35.479,22,1040,2023,ROUND2Summary,,,219,N  Tsolov,TSO,ART Grand Prix,2652.014,95.479,30.064
226O. GoetheGOETrident,23,44:38.034,56.084,26.020,163.186,1:34.607,21,1040,2023,ROUND2Summary,,,226,O  Goethe,GOE,Trident,2678.034,94.607,56.084
DNF26N. BedrinBEDJenzer Motorsport,22,42:21.514,DNF,-,164.475,1:35.204,22,1040,2023,ROUND2Summary,,DNF,26,N  Bedrin,BED,Jenzer Motorsport,2541.514,95.204,
DNF22I. CohenCOHCarlin,11,22:00.643,DNF,-,158.262,1:35.999,10,1040,2023,ROUND2Summary,,DNF,22,I  Cohen,COH,Carlin,1320.643,95.999,
DNF30R. FariaFARPHM Racing by Charouz,8,19:00.521,DNF,-,133.278,1:37.320,7,1040,2023,ROUND2Summary,,DNF,30,R  Faria,FAR,PHM Racing by Charouz,1140.521,97.32,
DNF31P. WisnickiWISPHM Racing by Charouz,6,13:55.224,DNF,-,136.496,1:38.473,6,1040,2023,ROUND2Summary,,DNF,31,P  Wisnicki,WIS,PHM Racing by Charouz,835.224,98.473,
DNF7K. FrederickFREART Grand Prix,4,9:40.672,DNF,-,130.888,2:01.663,2,1040,2023,ROUND2Summary,,DNF,7,K  Frederick,FRE,ART Grand Prix,580.672,121.663,
DNF11M. BoyaBOYMP Motorsport,1,1:49.304,DNF,-,173.834,-,-,1040,2023,ROUND2Summary,,DNF,11,M  Boya,BOY,MP Motorsport,109.304,,
DNF10F. ColapintoCOLMP Motorsport,1,1:45.471,DNF,-,180.151,-,-,1040,2023,ROUND2Summary,,DNF,10,F  Colapinto,COL,MP Motorsport,105.471,,
DNF14S. MontoyaMONHitech Pulse-Eight,-,-,DNF,-,-,-,-,1040,2023,ROUND2Summary,,DNF,14,S  Montoya,MON,Hitech Pulse-Eight,,,
114L. BrowningBROHitech Pulse-Eight,22,41:08.012,-,-,173.315,1:51.236,3,1049,2024,ROUND1Summary,,,114,L  Browning,BRO,Hitech Pulse-Eight,2468.012,111.236,
223C. MansellMANART Grand Prix,22,41:09.276,1.264,1.264,173.226,1:50.952,3,1049,2024,ROUND1Summary,,,223,C  Mansell,MAN,ART Grand Prix,2469.276,110.952,1.264
37T. TramnitzTRAMP Motorsport,22,41:10.444,2.432,1.168,173.144,1:51.293,2,1049,2024,ROUND1Summary,,,37,T  Tramnitz,TRA,MP Motorsport,2470.444,111.293,2.432
45S. MeguetounifMEGTrident,22,41:13.666,5.654,3.222,172.919,1:51.208,3,1049,2024,ROUND1Summary,,,45,S  Meguetounif,MEG,Trident,2473.666,111.208,5.654
56S. RamosRAMTrident,22,41:14.942,6.930,1.276,172.83,1:50.927,2,1049,2024,ROUND1Summary,,,56,S  Ramos,RAM,Trident,2474.942,110.927,6.93
62G. MinìMINPREMA Racing,22,41:16.212,8.200,1.270,172.741,1:51.250,2,1049,2024,ROUND1Summary,,,62,G  Minì,MIN,PREMA Racing,2476.212,111.25,8.2
74L. FornaroliFORTrident,22,41:16.900,8.888,0.688,172.693,1:50.922,3,1049,2024,ROUND1Summary,,,74,L  Fornaroli,FOR,Trident,2476.9,110.922,8.888
83A. LindbladLINPREMA Racing,22,41:17.554,9.542,0.654,172.648,1:51.183,2,1049,2024,ROUND1Summary,,,83,A  Lindblad,LIN,PREMA Racing,2477.554,111.183,9.542
99A. DunneDUNMP Motorsport,22,41:24.631,16.619,7.077,172.156,1:51.559,5,1049,2024,ROUND1Summary,,,99,A  Dunne,DUN,MP Motorsport,2484.631,111.559,16.619
1010O. GoetheGOECampos Racing,22,41:25.044,17.032,0.413,172.127,1:51.497,4,1049,2024,ROUND1Summary,,,1010,O  Goethe,GOE,Campos Racing,2485.044,111.497,17.032
1125N. TsolovTSOART Grand Prix,22,41:26.088,18.076,1.044,172.055,1:51.393,2,1049,2024,ROUND1Summary,,,1125,N  Tsolov,TSO,ART Grand Prix,2486.088,111.393,18.076
1220N. LeónLEOVan Amersfoort Racing,22,41:27.463,19.451,1.375,171.96,1:51.601,5,1049,2024,ROUND1Summary,,,1220,N  León,LEO,Van Amersfoort Racing,2487.463,111.601,19.451
131D. BeganovicBEGPREMA Racing,22,41:28.033,20.021,0.570,171.92,1:50.261,2,1049,2024,ROUND1Summary,,,131,D  Beganovic,BEG,PREMA Racing,2488.033,110.261,20.021
1415M. StenshorneSTEHitech Pulse-Eight,22,41:29.746,21.734,1.713,171.802,1:51.777,5,1049,2024,ROUND1Summary,,,1415,M  Stenshorne,STE,Hitech Pulse-Eight,2489.746,111.777,21.734
1524L. Van HoepenVANART Grand Prix,22,41:30.688,22.676,0.942,171.737,1:51.456,3,1049,2024,ROUND1Summary,,,1524,L  Van Hoepen,VAN,ART Grand Prix,2490.688,111.456,22.676
1617C. WurzWURJenzer Motorsport,22,41:31.120,23.108,0.432,171.707,1:52.052,5,1049,2024,ROUND1Summary,,,1617,C  Wurz,WUR,Jenzer Motorsport,2491.12,112.052,23.108
1711S. MontoyaMONCampos Racing,22,41:31.691,23.679,0.571,171.668,1:52.069,4,1049,2024,ROUND1Summary,,,1711,S  Montoya,MON,Campos Racing,2491.691,112.069,23.679
1819M. ZagazetaZAGJenzer Motorsport,22,41:38.859,30.847,0.945,171.176,1:52.446,4,1049,2024,ROUND1Summary,,,1819,M  Zagazeta,ZAG,Jenzer Motorsport,2498.859,112.446,30.847
1926T. InthraphuvasakINTAIX Racing,22,41:42.421,34.409,3.562,170.932,1:52.142,4,1049,2024,ROUND1Summary,,,1926,T  Inthraphuvasak,INT,AIX Racing,2502.421,112.142,34.409
2027N. BedrinBEDAIX Racing,22,41:42.914,29.902,6.223,171.24,1:51.851,5,1049,2024,ROUND1Summary,,,2027,N  Bedrin,BED,AIX Racing,2502.914,111.851,29.902
2129C. VoisinVOIRodin Motorsport,22,41:43.851,35.839,1.430,170.834,1:52.595,6,1049,2024,ROUND1Summary,,,2129,C  Voisin,VOI,Rodin Motorsport,2503.851,112.595,35.839
2222T. SmithSMIVan Amersfoort Racing,22,41:45.477,37.465,1.626,170.723,1:52.491,4,1049,2024,ROUND1Summary,,,2222,T  Smith,SMI,Van Amersfoort Racing,2505.477,112.491,37.465
2331J. LoakeLOARodin Motorsport,22,41:49.143,41.131,3.666,170.474,1:52.351,4,1049,2024,ROUND1Summary,,,2331,J  Loake,LOA,Rodin Motorsport,2509.143,112.351,41.131
2418M. EstersonESTJenzer Motorsport,22,41:50.359,42.347,1.216,170.391,1:52.115,5,1049,2024,ROUND1Summary,,,2418,M  Esterson,EST,Jenzer Motorsport,2510.359,112.115,42.347
2530P. WisnickiWISRodin Motorsport,22,42:00.353,52.341,9.994,169.716,1:52.644,4,1049,2024,ROUND1Summary,,,2530,P  Wisnicki,WIS,Rodin Motorsport,2520.353,112.644,52.341
2616C. ShieldsSHIHitech Pulse-Eight,22,42:01.933,53.921,1.580,169.609,1:51.886,3,1049,2024,ROUND1Summary,,,2616,C  Shields,SHI,Hitech Pulse-Eight,2521.933,111.886,53.921
2728J. DufekDUFAIX Racing,22,42:07.991,59.979,6.058,169.203,1:52.965,16,1049,2024,ROUND1Summary,,,2728,J  Dufek,DUF,AIX Racing,2527.991,112.965,59.979
288K. SztukaSZTMP Motorsport,22,42:11.848,63.836,3.857,168.945,1:51.397,5,1049,2024,ROUND1Summary,,,288,K  Sztuka,SZT,MP Motorsport,2531.848,111.397,63.836
2912M. BoyaBOYCampos Racing,22,42:36.243,88.231,24.395,167.333,1:50.408,9,1049,2024,ROUND1Summary,,,2912,M  Boya,BOY,Campos Racing,2556.243,110.408,88.231
DNF21S. FloerschFLOVan Amersfoort Racing,21,40:00.330,DNF,-,170.085,1:50.998,3,1049,2024,ROUND1Summary,,DNF,21,S  Floersch,FLO,Van Amersfoort Racing,2400.33,110.998,
11D. BeganovicBEGPREMA Racing,23,41:23.816,-,-,175.946,1:35.588,7,1050,2024,ROUND2Summary,,,11,D  Beganovic,BEG,PREMA Racing,2483.816,95.588,
24L. FornaroliFORTrident,23,41:25.498,1.682,1.682,175.827,1:35.715,8,1050,2024,ROUND2Summary,,,24,L  Fornaroli,FOR,Trident,2485.498,95.715,1.682
32G. MinìMINPREMA Racing,23,41:27.037,3.221,1.539,175.718,1:35.671,8,1050,2024,ROUND2Summary,,,32,G  Minì,MIN,PREMA Racing,2487.037,95.671,3.221
414L. BrowningBROHitech Pulse-Eight,23,41:27.866,4.050,0.829,175.659,1:35.848,9,1050,2024,ROUND2Summary,,,414,L  Browning,BRO,Hitech Pulse-Eight,2487.866,95.848,4.05
517C. WurzWURJenzer Motorsport,23,41:40.774,16.958,12.908,174.753,1:36.557,8,1050,2024,ROUND2Summary,,,517,C  Wurz,WUR,Jenzer Motorsport,2500.774,96.557,16.958
611S. MontoyaMONCampos Racing,23,41:45.046,21.230,4.272,174.455,1:36.033,10,1050,2024,ROUND2Summary,,,611,S  Montoya,MON,Campos Racing,2505.046,96.033,21.23
712M. BoyaBOYCampos Racing,23,41:45.308,21.492,0.262,174.436,1:36.413,9,1050,2024,ROUND2Summary,,,712,M  Boya,BOY,Campos Racing,2505.308,96.413,21.492
827N. BedrinBEDAIX Racing,23,41:49.426,25.610,4.118,174.150,1:36.488,8,1050,2024,ROUND2Summary,,,827,N  Bedrin,BED,AIX Racing,2509.426,96.488,25.61
910O. GoetheGOECampos Racing,23,41:50.346,26.530,0.920,174.086,1:36.105,7,1050,2024,ROUND2Summary,,,910,O  Goethe,GOE,Campos Racing,2510.346,96.105,26.53
1023C. MansellMANART Grand Prix,23,41:50.601,26.785,0.255,174.069,1:36.463,7,1050,2024,ROUND2Summary,,,1023,C  Mansell,MAN,ART Grand Prix,2510.601,96.463,26.785
113A. LindbladLINPREMA Racing,23,41:50.825,27.009,0.224,174.053,1:35.984,9,1050,2024,ROUND2Summary,,,113,A  Lindblad,LIN,PREMA Racing,2510.825,95.984,27.009
125S. MeguetounifMEGTrident,23,41:53.253,29.437,2.428,173.885,1:36.712,9,1050,2024,ROUND2Summary,,,125,S  Meguetounif,MEG,Trident,2513.253,96.712,29.437
1324L. Van HoepenVANART Grand Prix,23,41:53.328,29.512,0.075,173.880,1:37.311,10,1050,2024,ROUND2Summary,,,1324,L  Van Hoepen,VAN,ART Grand Prix,2513.328,97.311,29.512
1418M. EstersonESTJenzer Motorsport,23,41:54.257,30.441,0.929,173.816,1:36.741,8,1050,2024,ROUND2Summary,,,1418,M  Esterson,EST,Jenzer Motorsport,2514.257,96.741,30.441
157T. TramnitzTRAMP Motorsport,23,41:56.839,33.023,2.582,173.637,1:37.186,10,1050,2024,ROUND2Summary,,,157,T  Tramnitz,TRA,MP Motorsport,2516.839,97.186,33.023
169A. DunneDUNMP Motorsport,23,41:57.393,33.577,0.554,173.599,1:36.729,9,1050,2024,ROUND2Summary,,,169,A  Dunne,DUN,MP Motorsport,2517.393,96.729,33.577
1719M. ZagazetaZAGJenzer Motorsport,23,41:57.883,34.067,0.490,173.565,1:37.554,9,1050,2024,ROUND2Summary,,,1719,M  Zagazeta,ZAG,Jenzer Motorsport,2517.883,97.554,34.067
188K. SztukaSZTMP Motorsport,23,42:01.628,37.812,3.745,173.308,1:37.295,10,1050,2024,ROUND2Summary,,,188,K  Sztuka,SZT,MP Motorsport,2521.628,97.295,37.812
1925N. TsolovTSOART Grand Prix,23,42:02.038,38.222,0.410,173.279,1:37.331,7,1050,2024,ROUND2Summary,,,1925,N  Tsolov,TSO,ART Grand Prix,2522.038,97.331,38.222
2016C. ShieldsSHIHitech Pulse-Eight,23,42:06.509,42.693,4.471,172.973,1:37.601,7,1050,2024,ROUND2Summary,,,2016,C  Shields,SHI,Hitech Pulse-Eight,2526.509,97.601,42.693
2129C. VoisinVOIRodin Motorsport,23,42:07.896,44.080,1.387,172.878,1:36.670,9,1050,2024,ROUND2Summary,,,2129,C  Voisin,VOI,Rodin Motorsport,2527.896,96.67,44.08
2228J. DufekDUFAIX Racing,23,42:16.564,52.748,8.668,172.287,1:36.956,9,1050,2024,ROUND2Summary,,,2228,J  Dufek,DUF,AIX Racing,2536.564,96.956,52.748
2330P. WisnickiWISRodin Motorsport,23,42:25.411,61.595,8.847,171.688,1:38.118,10,1050,2024,ROUND2Summary,,,2330,P  Wisnicki,WIS,Rodin Motorsport,2545.411,98.118,61.595
246S. RamosRAMTrident,23,42:33.742,69.926,8.331,171.128,1:36.183,11,1050,2024,ROUND2Summary,,,246,S  Ramos,RAM,Trident,2553.742,96.183,69.926
2520N. LeónLEOVan Amersfoort Racing,23,42:34.451,70.635,0.709,171.081,1:37.451,10,1050,2024,ROUND2Summary,,,2520,N  León,LEO,Van Amersfoort Racing,2554.451,97.451,70.635
2615M. StenshorneSTEHitech Pulse-Eight,23,42:38.051,74.235,3.600,170.840,1:36.612,8,1050,2024,ROUND2Summary,,,2615,M  Stenshorne,STE,Hitech Pulse-Eight,2558.051,96.612,74.235
DNF21S. FloerschFLOVan Amersfoort Racing,1,1:54.723,DNF,-,165.623,-,-,1050,2024,ROUND2Summary,,DNF,21,S  Floersch,FLO,Van Amersfoort Racing,114.723,,
DNF22T. SmithSMIVan Amersfoort Racing,-,-,DNF,-,-,-,-,1050,2024,ROUND2Summary,,DNF,22,T  Smith,SMI,Van Amersfoort Racing,,,
DNF26T. InthraphuvasakINTAIX Racing,-,-,DNF,-,-,-,-,1050,2024,ROUND2Summary,,DNF,26,T  Inthraphuvasak,INT,AIX Racing,,,
DNF31J. LoakeLOARodin Motorsport,-,-,DNF,-,-,-,-,1050,2024,ROUND2Summary,,DNF,31,J  Loake,LOA,Rodin Motorsport,,,
15S. MeguetounifMEGTrident,22,35:12.897,-,-,183.637,1:34.422,8,1051,2024,ROUND3Summary,,,15,S  Meguetounif,MEG,Trident,2112.897,94.422,
210O. GoetheGOECampos Racing,22,35:15.688,2.791,2.791,183.395,1:33.817,6,1051,2024,ROUND3Summary,,,210,O  Goethe,GOE,Campos Racing,2115.688,93.817,2.791
34L. FornaroliFORTrident,22,35:16.265,3.368,0.577,183.345,1:34.388,8,1051,2024,ROUND3Summary,,,34,L  Fornaroli,FOR,Trident,2116.265,94.388,3.368
414L. BrowningBROHitech Pulse-Eight,22,35:16.583,3.686,0.318,183.318,1:34.258,5,1051,2024,ROUND3Summary,,,414,L  Browning,BRO,Hitech Pulse-Eight,2116.583,94.258,3.686
51D. BeganovicBEGPREMA Racing,22,35:18.621,5.724,2.038,183.141,1:34.028,4,1051,2024,ROUND3Summary,,,51,D  Beganovic,BEG,PREMA Racing,2118.621,94.028,5.724
62G. MinìMINPREMA Racing,22,35:19.869,6.972,1.248,183.033,1:34.385,5,1051,2024,ROUND3Summary,,,62,G  Minì,MIN,PREMA Racing,2119.869,94.385,6.972
73A. LindbladLINPREMA Racing,22,35:24.472,11.575,4.603,182.637,1:34.426,4,1051,2024,ROUND3Summary,,,73,A  Lindblad,LIN,PREMA Racing,2124.472,94.426,11.575
86S. RamosRAMTrident,22,35:25.633,12.736,1.161,182.537,1:33.854,6,1051,2024,ROUND3Summary,,,86,S  Ramos,RAM,Trident,2125.633,93.854,12.736
912M. BoyaBOYCampos Racing,22,35:25.995,13.098,0.362,182.506,1:34.439,6,1051,2024,ROUND3Summary,,,912,M  Boya,BOY,Campos Racing,2125.995,94.439,13.098
1011S. MontoyaMONCampos Racing,22,35:27.666,14.769,1.671,182.363,1:34.262,6,1051,2024,ROUND3Summary,,,1011,S  Montoya,MON,Campos Racing,2127.666,94.262,14.769
117T. TramnitzTRAMP Motorsport,22,35:31.531,18.634,3.865,182.032,1:34.663,5,1051,2024,ROUND3Summary,,,117,T  Tramnitz,TRA,MP Motorsport,2131.531,94.663,18.634
1221S. FloerschFLOVan Amersfoort Racing,22,35:34.555,21.658,3.024,181.774,1:34.380,5,1051,2024,ROUND3Summary,,,1221,S  Floersch,FLO,Van Amersfoort Racing,2134.555,94.38,21.658
1324L. Van HoepenVANART Grand Prix,22,35:35.551,22.654,0.996,181.689,1:34.592,5,1051,2024,ROUND3Summary,,,1324,L  Van Hoepen,VAN,ART Grand Prix,2135.551,94.592,22.654
1415M. StenshorneSTEHitech Pulse-Eight,22,35:36.413,23.516,0.862,181.616,1:34.875,5,1051,2024,ROUND3Summary,,,1415,M  Stenshorne,STE,Hitech Pulse-Eight,2136.413,94.875,23.516
158K. SztukaSZTMP Motorsport,22,35:36.451,23.554,0.038,181.613,1:34.763,5,1051,2024,ROUND3Summary,,,158,K  Sztuka,SZT,MP Motorsport,2136.451,94.763,23.554
169A. DunneDUNMP Motorsport,22,35:37.192,24.295,0.741,181.55,1:34.692,6,1051,2024,ROUND3Summary,,,169,A  Dunne,DUN,MP Motorsport,2137.192,94.692,24.295
1719M. ZagazetaZAGJenzer Motorsport,22,35:38.617,25.720,1.425,181.429,1:34.928,5,1051,2024,ROUND3Summary,,,1719,M  Zagazeta,ZAG,Jenzer Motorsport,2138.617,94.928,25.72
1816C. ShieldsSHIHitech Pulse-Eight,22,35:42.426,29.529,3.809,181.106,1:34.513,6,1051,2024,ROUND3Summary,,,1816,C  Shields,SHI,Hitech Pulse-Eight,2142.426,94.513,29.529
1920N. LeónLEOVan Amersfoort Racing,22,35:42.942,30.045,0.516,181.063,1:34.699,3,1051,2024,ROUND3Summary,,,1920,N  León,LEO,Van Amersfoort Racing,2142.942,94.699,30.045
2023C. MansellMANART Grand Prix,22,35:44.397,31.500,1.455,180.94,1:34.916,5,1051,2024,ROUND3Summary,,,2023,C  Mansell,MAN,ART Grand Prix,2144.397,94.916,31.5
2118M. EstersonESTJenzer Motorsport,22,35:45.168,32.271,0.771,180.875,1:34.553,6,1051,2024,ROUND3Summary,,,2118,M  Esterson,EST,Jenzer Motorsport,2145.168,94.553,32.271
2228J. DufekDUFAIX Racing,22,35:47.920,35.023,2.752,180.643,1:35.209,7,1051,2024,ROUND3Summary,,,2228,J  Dufek,DUF,AIX Racing,2147.92,95.209,35.023
2330P. WisnickiWISRodin Motorsport,22,35:50.470,37.573,2.550,180.429,1:35.333,6,1051,2024,ROUND3Summary,,,2330,P  Wisnicki,WIS,Rodin Motorsport,2150.47,95.333,37.573
2417C. WurzWURJenzer Motorsport,22,35:53.213,40.316,2.743,180.199,1:34.503,6,1051,2024,ROUND3Summary,,,2417,C  Wurz,WUR,Jenzer Motorsport,2153.213,94.503,40.316
2531J. LoakeLOARodin Motorsport,22,35:53.482,40.585,0.269,180.177,1:35.325,6,1051,2024,ROUND3Summary,,,2531,J  Loake,LOA,Rodin Motorsport,2153.482,95.325,40.585
2625N. TsolovTSOART Grand Prix,22,35:55.257,42.360,1.775,180.028,1:34.447,8,1051,2024,ROUND3Summary,,,2625,N  Tsolov,TSO,ART Grand Prix,2155.257,94.447,42.36
2722T. SmithSMIVan Amersfoort Racing,22,36:12.085,59.188,16.828,178.633,1:34.996,6,1051,2024,ROUND3Summary,,,2722,T  Smith,SMI,Van Amersfoort Racing,2172.085,94.996,59.188
2826T. InthraphuvasakINTAIX Racing,22,36:24.325,71.428,12.240,179.274,1:34.685,4,1051,2024,ROUND3Summary,,,2826,T  Inthraphuvasak,INT,AIX Racing,2184.325,94.685,71.428
2929C. VoisinVOIRodin Motorsport,22,36:39.520,86.623,15.195,177.211,1:34.490,5,1051,2024,ROUND3Summary,,,2929,C  Voisin,VOI,Rodin Motorsport,2199.52,94.49,86.623
3027N. BedrinBEDAIX Racing,21,35:54.159,1 LAP,1 LAP,171.916,1:34.897,5,1051,2024,ROUND3Summary,,,3027,N  Bedrin,BED,AIX Racing,2154.159,94.897,
15R. CâmaraCAMTRIDENT,16,34:43.966,-,-,145.881,1:49.748,11,1059,2025,ROUND1Summary,,,15,R  Câmara,CAM,TRIDENT,2083.966,109.748,
24N. StrømstedSTRTRIDENT,16,34:44.483,0.517,0.517,145.845,1:50.389,8,1059,2025,ROUND1Summary,,,24,N  Strømsted,STR,TRIDENT,2084.483,110.389,0.517
320T. NaëlNAEVan Amersfoort Racing,16,34:45.118,1.152,0.635,145.801,1:50.280,12,1059,2025,ROUND1Summary,,,320,T  Naël,NAE,Van Amersfoort Racing,2085.118,110.28,1.152
428N. BedrinBEDAIX Racing,16,34:45.697,1.732,0.580,145.76,1:50.661,10,1059,2025,ROUND1Summary,,,428,N  Bedrin,BED,AIX Racing,2085.697,110.661,1.732
517T. TramnitzTRAMP Motorsport,16,34:46.264,2.298,0.566,145.721,1:50.930,9,1059,2025,ROUND1Summary,,,517,T  Tramnitz,TRA,MP Motorsport,2086.264,110.93,2.298
66C. WurzWURTRIDENT,16,34:47.219,3.253,0.955,145.654,1:50.846,9,1059,2025,ROUND1Summary,,,66,C  Wurz,WUR,TRIDENT,2087.219,110.846,3.253
711T. InthraphuvasakINTCampos Racing,16,34:47.699,3.734,0.481,145.62,1:51.546,9,1059,2025,ROUND1Summary,,,711,T  Inthraphuvasak,INT,Campos Racing,2087.699,111.546,3.734
814M. StenshorneSTEHitech TGR,16,34:48.889,4.923,1.189,145.538,1:51.295,12,1059,2025,ROUND1Summary,,,814,M  Stenshorne,STE,Hitech TGR,2088.889,111.295,4.923
925R. BilinskiBILRodin Motorsport,16,34:49.617,5.651,0.728,145.487,1:51.740,9,1059,2025,ROUND1Summary,,,925,R  Bilinski,BIL,Rodin Motorsport,2089.617,111.74,5.651
103U. UgochukwuUGOPREMA Racing,16,34:51.159,7.193,1.542,145.38,1:52.168,11,1059,2025,ROUND1Summary,,,103,U  Ugochukwu,UGO,PREMA Racing,2091.159,112.168,7.193
1115J. DufekDUFHitech TGR,16,34:52.313,8.347,1.154,145.299,1:51.386,12,1059,2025,ROUND1Summary,,,1115,J  Dufek,DUF,Hitech TGR,2092.313,111.386,8.347
127L. Van HoepenVANART Grand Prix,16,34:52.784,8.819,0.472,145.267,1:51.860,9,1059,2025,ROUND1Summary,,,127,L  Van Hoepen,VAN,ART Grand Prix,2092.784,111.86,8.819
132N. LeónLEOPREMA Racing,16,34:53.928,9.962,1.143,145.187,1:52.089,9,1059,2025,ROUND1Summary,,,132,N  León,LEO,PREMA Racing,2093.928,112.089,9.962
1424L. SharpSHARodin Motorsport,16,34:55.637,11.671,1.709,145.069,1:52.077,9,1059,2025,ROUND1Summary,,,1424,L  Sharp,SHA,Rodin Motorsport,2095.637,112.077,11.671
1526J. SagreraSAGAIX Racing,16,34:56.771,12.805,1.134,144.99,1:51.644,8,1059,2025,ROUND1Summary,,,1526,J  Sagrera,SAG,AIX Racing,2096.771,111.644,12.805
1621S. RamosRAMVan Amersfoort Racing,16,34:57.833,13.867,1.062,144.917,1:51.698,9,1059,2025,ROUND1Summary,,,1621,S  Ramos,RAM,Van Amersfoort Racing,2097.833,111.698,13.867
1710M. BoyaBOYCampos Racing,16,34:59.150,15.184,1.317,144.826,1:51.999,10,1059,2025,ROUND1Summary,,,1710,M  Boya,BOY,Campos Racing,2099.15,111.999,15.184
1816G. XieXIEHitech TGR,16,35:00.705,16.739,1.555,144.719,1:52.218,10,1059,2025,ROUND1Summary,,,1816,G  Xie,XIE,Hitech TGR,2100.705,112.218,16.739
1922I. DominguesDOMVan Amersfoort Racing,16,35:02.892,18.926,2.187,144.568,1:52.521,11,1059,2025,ROUND1Summary,,,1922,I  Domingues,DOM,Van Amersfoort Racing,2102.892,112.521,18.926
208T. TaponenTAPART Grand Prix,16,35:03.242,19.276,0.350,144.544,1:52.379,11,1059,2025,ROUND1Summary,,,208,T  Taponen,TAP,ART Grand Prix,2103.242,112.379,19.276
219J. WhartonWHAART Grand Prix,16,35:04.263,20.297,1.021,144.474,1:52.405,9,1059,2025,ROUND1Summary,,,219,J  Wharton,WHA,ART Grand Prix,2104.263,112.405,20.297
2230M. ZagazetaZAGDAMS Lucas Oil,16,35:05.265,21.299,1.002,144.405,1:52.274,9,1059,2025,ROUND1Summary,,,2230,M  Zagazeta,ZAG,DAMS Lucas Oil,2105.265,112.274,21.299
2318B. Del PinoDELMP Motorsport,16,35:05.346,21.380,0.081,144.4,1:52.146,7,1059,2025,ROUND1Summary,,,2318,B  Del Pino,DEL,MP Motorsport,2105.346,112.146,21.38
2429N. LacorteLACDAMS Lucas Oil,16,35:06.218,22.252,0.872,144.34,1:51.847,7,1059,2025,ROUND1Summary,,,2429,N  Lacorte,LAC,DAMS Lucas Oil,2106.218,111.847,22.252
2519A. GiustiGIUMP Motorsport,16,35:06.986,23.020,0.768,144.288,1:52.006,8,1059,2025,ROUND1Summary,,,2519,A  Giusti,GIU,MP Motorsport,2106.986,112.006,23.02
261B. BadoerBADPREMA Racing,16,35:07.614,23.648,0.628,144.245,1:52.487,7,1059,2025,ROUND1Summary,,,261,B  Badoer,BAD,PREMA Racing,2107.614,112.487,23.648
2727N. MarinangeliMARAIX Racing,16,35:09.045,25.079,1.431,144.147,1:52.810,9,1059,2025,ROUND1Summary,,,2727,N  Marinangeli,MAR,AIX Racing,2109.045,112.81,25.079
DNF31C. HoHODAMS Lucas Oil,12,25:01.767,DNF,-,151.827,1:52.017,9,1059,2025,ROUND1Summary,,DNF,31,C  Ho,HOD,AMS Lucas Oil,1501.767,112.017,
15R. CâmaraCAMTRIDENT,22,42:05.006,-,-,169.403,1:52.931,5,1060,2025,ROUND2Summary,,,15,R  Câmara,CAM,TRIDENT,2525.006,112.931,
223C. VoisinVOIRodin Motorsport,22,42:11.217,6.211,6.211,168.987,1:53.585,6,1060,2025,ROUND2Summary,,,223,C  Voisin,VOI,Rodin Motorsport,2531.217,113.585,6.211
317T. TramnitzTRAMP Motorsport,22,42:12.890,7.884,1.673,168.876,1:53.187,5,1060,2025,ROUND2Summary,,,317,T  Tramnitz,TRA,MP Motorsport,2532.89,113.187,7.884
48T. TaponenTAPART Grand Prix,22,42:15.699,10.693,2.809,168.689,1:53.129,5,1060,2025,ROUND2Summary,,,48,T  Taponen,TAP,ART Grand Prix,2535.699,113.129,10.693
512N. TsolovTSOCampos Racing,22,42:16.037,11.031,0.338,168.666,1:53.192,5,1060,2025,ROUND2Summary,,,512,N  Tsolov,TSO,Campos Racing,2536.037,113.192,11.031
64N. StrømstedSTRTRIDENT,22,42:19.149,14.143,3.112,168.459,1:53.614,5,1060,2025,ROUND2Summary,,,64,N  Strømsted,STR,TRIDENT,2539.149,113.614,14.143
719A. GiustiGIUMP Motorsport,22,42:19.463,14.457,0.314,168.439,1:53.694,5,1060,2025,ROUND2Summary,,,719,A  Giusti,GIU,MP Motorsport,2539.463,113.694,14.457
810M. BoyaBOYCampos Racing,22,42:22.264,17.258,2.801,168.253,1:53.269,5,1060,2025,ROUND2Summary,,,810,M  Boya,BOY,Campos Racing,2542.264,113.269,17.258
918B. Del PinoDELMP Motorsport,22,42:23.295,18.289,1.031,168.185,1:53.554,6,1060,2025,ROUND2Summary,,,918,B  Del Pino,DEL,MP Motorsport,2543.295,113.554,18.289
1031C. HoHODAMS Lucas Oil,22,42:23.367,18.361,0.072,168.18,1:53.515,5,1060,2025,ROUND2Summary,,,1031,C  Ho,HOD,AMS Lucas Oil,2543.367,113.515,18.361
116C. WurzWURTRIDENT,22,42:24.316,19.310,0.949,168.117,1:53.264,2,1060,2025,ROUND2Summary,,,116,C  Wurz,WUR,TRIDENT,2544.316,113.264,19.31
127L. Van HoepenVANART Grand Prix,22,42:34.313,29.307,9.997,167.459,1:53.649,6,1060,2025,ROUND2Summary,,,127,L  Van Hoepen,VAN,ART Grand Prix,2554.313,113.649,29.307
1325R. BilinskiBILRodin Motorsport,22,42:35.456,30.450,1.143,167.384,1:54.321,8,1060,2025,ROUND2Summary,,,1325,R  Bilinski,BIL,Rodin Motorsport,2555.456,114.321,30.45
1421S. RamosRAMVan Amersfoort Racing,22,42:36.359,31.353,0.903,167.325,1:54.102,7,1060,2025,ROUND2Summary,,,1421,S  Ramos,RAM,Van Amersfoort Racing,2556.359,114.102,31.353
1520T. NaëlNAEVan Amersfoort Racing,22,42:37.430,32.424,1.071,167.255,1:53.805,5,1060,2025,ROUND2Summary,,,1520,T  Naël,NAE,Van Amersfoort Racing,2557.43,113.805,32.424
1611T. InthraphuvasakINTCampos Racing,22,42:38.372,33.366,0.942,167.194,1:53.194,5,1060,2025,ROUND2Summary,,,1611,T  Inthraphuvasak,INT,Campos Racing,2558.372,113.194,33.366
172N. LeónLEOPREMA Racing,22,42:40.799,35.793,2.427,167.035,1:53.797,5,1060,2025,ROUND2Summary,,,172,N  León,LEO,PREMA Racing,2560.799,113.797,35.793
1814M. StenshorneSTEHitech TGR,22,42:44.531,39.525,3.732,166.792,1:53.599,5,1060,2025,ROUND2Summary,,,1814,M  Stenshorne,STE,Hitech TGR,2564.531,113.599,39.525
1922I. DominguesDOMVan Amersfoort Racing,22,42:44.891,39.885,0.360,166.769,1:54.397,5,1060,2025,ROUND2Summary,,,1922,I  Domingues,DOM,Van Amersfoort Racing,2564.891,114.397,39.885
2029N. LacorteLACDAMS Lucas Oil,22,42:46.187,41.181,1.296,166.684,1:54.234,6,1060,2025,ROUND2Summary,,,2029,N  Lacorte,LAC,DAMS Lucas Oil,2566.187,114.234,41.181
211B. BadoerBADPREMA Racing,22,42:47.003,41.997,0.816,166.631,1:53.679,5,1060,2025,ROUND2Summary,,,211,B  Badoer,BAD,PREMA Racing,2567.003,113.679,41.997
2215J. DufekDUFHitech TGR,22,42:51.440,46.434,4.437,166.344,1:54.173,6,1060,2025,ROUND2Summary,,,2215,J  Dufek,DUF,Hitech TGR,2571.44,114.173,46.434
2324L. SharpSHARodin Motorsport,22,42:51.995,46.989,0.555,166.308,1:54.430,8,1060,2025,ROUND2Summary,,,2324,L  Sharp,SHA,Rodin Motorsport,2571.995,114.43,46.989
2426J. SagreraSAGAIX Racing,22,42:52.785,47.779,0.790,166.257,1:53.991,6,1060,2025,ROUND2Summary,,,2426,J  Sagrera,SAG,AIX Racing,2572.785,113.991,47.779
2527N. MarinangeliMARAIX Racing,22,42:54.542,49.536,1.757,166.144,1:54.929,8,1060,2025,ROUND2Summary,,,2527,N  Marinangeli,MAR,AIX Racing,2574.542,114.929,49.536
2616G. XieXIEHitech TGR,22,42:55.379,50.373,0.837,166.09,1:54.312,7,1060,2025,ROUND2Summary,,,2616,G  Xie,XIE,Hitech TGR,2575.379,114.312,50.373
273U. UgochukwuUGOPREMA Racing,22,43:15.124,70.118,19.745,164.826,1:53.631,5,1060,2025,ROUND2Summary,,,273,U  Ugochukwu,UGO,PREMA Racing,2595.124,113.631,70.118
289J. WhartonWHAART Grand Prix,22,43:30.196,85.190,15.072,163.874,1:53.558,5,1060,2025,ROUND2Summary,,,289,J  Wharton,WHA,ART Grand Prix,2610.196,113.558,85.19
2930M. ZagazetaZAGDAMS Lucas Oil,22,43:34.949,89.943,4.753,163.576,1:53.624,5,1060,2025,ROUND2Summary,,,2930,M  Zagazeta,ZAG,DAMS Lucas Oil,2614.949,113.624,89.943
DNF28F. SlaterSLAAIX Racing,2,4:34.494,DNF,-,138.73,-,-,1060,2025,ROUND2Summary,,DNF,28,F  Slater,SLA,AIX Racing,274.494,,
121S. RamosRAMVan Amersfoort Racing,22,35:28.558,-,-,182.29,1:34.343,6,1061,2025,ROUND3Summary,,,121,S  Ramos,RAM,Van Amersfoort Racing,2128.558,94.343,
24N. StrømstedSTRTRIDENT,22,35:28.835,0.277,0.277,182.266,1:34.141,6,1061,2025,ROUND3Summary,,,24,N  Strømsted,STR,TRIDENT,2128.835,94.141,0.277
35R. CâmaraCAMTRIDENT,22,35:35.396,6.838,6.561,181.706,1:34.261,4,1061,2025,ROUND3Summary,,,35,R  Câmara,CAM,TRIDENT,2135.396,94.261,6.838
48T. TaponenTAPART Grand Prix,22,35:37.098,8.540,1.702,181.561,1:34.421,6,1061,2025,ROUND3Summary,,,48,T  Taponen,TAP,ART Grand Prix,2137.098,94.421,8.54
510M. BoyaBOYCampos Racing,22,35:42.271,13.713,5.173,181.123,1:34.523,6,1061,2025,ROUND3Summary,,,510,M  Boya,BOY,Campos Racing,2142.271,94.523,13.713
617T. TramnitzTRAMP Motorsport,22,35:43.445,14.887,1.174,181.024,1:34.695,5,1061,2025,ROUND3Summary,,,617,T  Tramnitz,TRA,MP Motorsport,2143.445,94.695,14.887
719A. GiustiGIUMP Motorsport,22,35:43.826,15.268,0.381,180.991,1:34.772,5,1061,2025,ROUND3Summary,,,719,A  Giusti,GIU,MP Motorsport,2143.826,94.772,15.268
825R. BilinskiBILRodin Motorsport,22,35:44.873,16.315,1.047,180.903,1:34.752,6,1061,2025,ROUND3Summary,,,825,R  Bilinski,BIL,Rodin Motorsport,2144.873,94.752,16.315
912N. TsolovTSOCampos Racing,22,35:45.285,16.727,0.412,180.868,1:34.941,5,1061,2025,ROUND3Summary,,,912,N  Tsolov,TSO,Campos Racing,2145.285,94.941,16.727
107L. Van HoepenVANART Grand Prix,22,35:46.387,17.829,1.102,180.775,1:34.832,8,1061,2025,ROUND3Summary,,,107,L  Van Hoepen,VAN,ART Grand Prix,2146.387,94.832,17.829
1114M. StenshorneSTEHitech TGR,22,35:49.074,20.516,2.687,180.549,1:34.978,9,1061,2025,ROUND3Summary,,,1114,M  Stenshorne,STE,Hitech TGR,2149.074,94.978,20.516
1224L. SharpSHARodin Motorsport,22,35:50.225,21.667,1.151,180.453,1:34.844,5,1061,2025,ROUND3Summary,,,1224,L  Sharp,SHA,Rodin Motorsport,2150.225,94.844,21.667
139J. WhartonWHAART Grand Prix,22,35:55.011,26.453,4.786,180.052,1:35.258,7,1061,2025,ROUND3Summary,,,139,J  Wharton,WHA,ART Grand Prix,2155.011,95.258,26.453
143U. UgochukwuUGOPREMA Racing,22,35:55.632,27.074,0.621,180.0,1:34.847,6,1061,2025,ROUND3Summary,,,143,U  Ugochukwu,UGO,PREMA Racing,2155.632,94.847,27.074
1515J. DufekDUFHitech TGR,22,35:55.903,27.345,0.271,179.978,1:35.191,7,1061,2025,ROUND3Summary,,,1515,J  Dufek,DUF,Hitech TGR,2155.903,95.191,27.345
166C. WurzWURTRIDENT,22,35:56.411,27.853,0.508,179.935,1:35.335,7,1061,2025,ROUND3Summary,,,166,C  Wurz,WUR,TRIDENT,2156.411,95.335,27.853
1711T. InthraphuvasakINTCampos Racing,22,35:58.415,29.857,2.004,179.768,1:35.183,8,1061,2025,ROUND3Summary,,,1711,T  Inthraphuvasak,INT,Campos Racing,2158.415,95.183,29.857
1823C. VoisinVOIRodin Motorsport,22,36:02.824,34.266,4.409,179.402,1:35.355,8,1061,2025,ROUND3Summary,,,1823,C  Voisin,VOI,Rodin Motorsport,2162.824,95.355,34.266
191B. BadoerBADPREMA Racing,22,36:04.074,35.516,1.250,179.298,1:34.984,6,1061,2025,ROUND3Summary,,,191,B  Badoer,BAD,PREMA Racing,2164.074,94.984,35.516
2016G. XieXIEHitech TGR,22,36:04.443,35.885,0.369,179.267,1:35.436,5,1061,2025,ROUND3Summary,,,2016,G  Xie,XIE,Hitech TGR,2164.443,95.436,35.885
2131C. HoHODAMS Lucas Oil,22,36:04.865,36.307,0.422,179.232,1:35.427,8,1061,2025,ROUND3Summary,,,2131,C  Ho,HOD,AMS Lucas Oil,2164.865,95.427,36.307
2230M. ZagazetaZAGDAMS Lucas Oil,22,36:05.937,37.379,1.072,179.144,1:35.344,9,1061,2025,ROUND3Summary,,,2230,M  Zagazeta,ZAG,DAMS Lucas Oil,2165.937,95.344,37.379
2326J. HedleyHEDAIX Racing,22,36:06.452,37.894,0.515,179.101,1:35.310,5,1061,2025,ROUND3Summary,,,2326,J  Hedley,HED,AIX Racing,2166.452,95.31,37.894
2428B. BenavidesBENAIX Racing,22,36:09.770,41.212,3.318,178.827,1:35.200,7,1061,2025,ROUND3Summary,,,2428,B  Benavides,BEN,AIX Racing,2169.77,95.2,41.212
2529N. LacorteLACDAMS Lucas Oil,22,36:11.084,42.526,1.314,178.719,1:34.904,4,1061,2025,ROUND3Summary,,,2529,N  Lacorte,LAC,DAMS Lucas Oil,2171.084,94.904,42.526
2620T. NaëlNAEVan Amersfoort Racing,22,36:37.888,69.330,26.804,176.54,1:34.740,5,1061,2025,ROUND3Summary,,,2620,T  Naël,NAE,Van Amersfoort Racing,2197.888,94.74,69.33
2718B. Del PinoDELMP Motorsport,22,36:42.488,73.930,4.600,176.171,1:34.883,7,1061,2025,ROUND3Summary,,,2718,B  Del Pino,DEL,MP Motorsport,2202.488,94.883,73.93
DNF2N. LeónLEOPREMA Racing,21,34:30.293,DNF,-,178.884,1:35.037,4,1061,2025,ROUND3Summary,,DNF,2,N  León,LEO,PREMA Racing,2070.293,95.037,
DNF22I. DominguesDOMVan Amersfoort Racing,10,16:09.484,DNF,-,181.484,1:35.304,7,1061,2025,ROUND3Summary,,DNF,22,I  Domingues,DOM,Van Amersfoort Racing,969.484,95.304,
DNF27N. MarinangeliMARAIX Racing,6,10:10.852,DNF,-,172.311,1:36.127,5,1061,2025,ROUND3Summary,,DNF,27,N  Marinangeli,MAR,AIX Racing,610.852,96.127,
